20051003T000000,4433,4443,4426.5,4437.5,
20051004T000000,4451.5,4473.5,4447.5,4462.5,
20051005T000000,4436,4438,4394,4399.5,
20051006T000000,4345,4359,4311.5,4312,
20051007T000000,4361.5,4363.5,4327.5,4336.5,
20051010T000000,4363.5,4363.5,4340,4345.5,
20051011T000000,4368.5,4378,4344,4352,
20051012T000000,4344.5,4357,4294,4299.5,
20051013T000000,4272.5,4299,4250.5,4265,
20051014T000000,4304,4310.5,4278,4292,
20051017T000000,4308.5,4317.5,4275,4286,
20051018T000000,4272.5,4280.5,4254,4261,
20051019T000000,4205.5,4220,4176.5,4215.5,
20051020T000000,4224,4234.5,4184,4187.5,
20051021T000000,4183,4197.5,4162.5,4196,
20051024T000000,4201.5,4242.5,4201.5,4242.5,
20051025T000000,4227.5,4232.5,4181,4183.5,
20051026T000000,4207,4225.5,4188.5,4197,
20051027T000000,4165.5,4170,4132.5,4151,
20051028T000000,4143,4161,4116,4156,
20051031T000000,4208,4245,4203.5,4232,
20051101T000000,4246,4251.5,4230.5,4232.5,
20051102T000000,4206,4261,4204.5,4261,
20051103T000000,4296,4312.5,4290,4303.5,
20051104T000000,4304.5,4309,4286.5,4293.5,
20051107T000000,4316,4323,4306.5,4311.5,
20051108T000000,4314.5,4320,4298,4306,
20051109T000000,4290,4319.5,4281,4308.5,
20051110T000000,4303,4321,4278.5,4318.5,
20051111T000000,4331,4347,4328,4338,
20051114T000000,4367,4367.5,4340,4352.5,
20051115T000000,4355.5,4357.5,4330,4343,
20051116T000000,4314,4323.5,4306.5,4314,
20051117T000000,4332,4338,4317.5,4331.5,
20051118T000000,4356.5,4370,4345.5,4369,
20051121T000000,4376.5,4397.5,4370.5,4392,
20051122T000000,4377,4392.5,4376.5,4388,
20051123T000000,4393,4423,4392.5,4422,
20051125T000000,4406.5,4418,4398,4414.5,
20051128T000000,4422.5,4423,4372.5,4373,
20051129T000000,4411,4417.5,4389.5,4398,
20051130T000000,4382.5,4393.5,4362,4363.5,
20051201T000000,4431.5,4457,4423.5,4452.5,
20051202T000000,4457.5,4478.5,4449,4467.5,
20051205T000000,4466,4468.5,4445,4464.5,
20051206T000000,4480,4504,4471,4504,
20051207T000000,4488.5,4490,4458,4461.5,
20051208T000000,4455,4482.5,4446,4455,
20051209T000000,4463,4477,4456,4472.5,
20051212T000000,4475.5,4486,4468,4473,
20051213T000000,4494,4507.5,4491,4504.5,
20051214T000000,4488.5,4502.5,4479.5,4496.5,
20051215T000000,4480,4484.5,4465,4480,
20051216T000000,4510,4520,4496.5,4500.5,
20051219T000000,4508,4513,4490,4492.5,
20051220T000000,4501,4516,4490,4505,
20051221T000000,4538,4566.5,4537.5,4556,
20051222T000000,4562.5,4564.5,4549.5,4564,
20051223T000000,4560.5,4571,4552.5,4567,
20051227T000000,4581,4584.5,4552,4555.5,
20051228T000000,4568,4570.5,4552,4566.5,
20051229T000000,4571.5,4581.5,4569,4576,
20051230T000000,4519.5,4524.5,4505.5,4520.5,
20060103T000000,4602.5,4605.5,4565,4588.5,
20060104T000000,4625,4650,4622.5,4635.5,
20060105T000000,4641.5,4651.5,4627.5,4640,
20060106T000000,4662,4670.5,4651,4668.5,
20060109T000000,4679,4686.5,4672,4686.5,
20060110T000000,4652,4682,4650,4673.5,
20060111T000000,4675.5,4698,4666.5,4681.5,
20060112T000000,4682,4702,4676.5,4688,
20060113T000000,4640,4655,4629.5,4639.5,
20060117T000000,4609.5,4619,4595.5,4601.5,
20060118T000000,4568.5,4588,4555.5,4559.5,
20060119T000000,4603.5,4635,4596.5,4632.5,
20060120T000000,4628.5,4633.5,4544,4545,
20060123T000000,4536.5,4552.5,4520.5,4529.5,
20060124T000000,4550,4563.5,4534,4551.5,
20060125T000000,4588,4593.5,4555,4586,
20060126T000000,4649.5,4684.5,4642.5,4675.5,
20060127T000000,4724.5,4752.5,4718.5,4730,
20060130T000000,4739.5,4757,4729.5,4751,
20060131T000000,4736.5,4752,4728,4747,
20060201T000000,4769,4801,4765.5,4794,
20060202T000000,4773,4776,4710,4720,
20060203T000000,4706,4755.5,4697,4750,
20060206T000000,4727.5,4737,4711,4728,
20060207T000000,4711,4728.5,4694.5,4701,
20060208T000000,4690.5,4711,4681.5,4705,
20060209T000000,4740,4759.5,4735,4746.5,
20060210T000000,4724.5,4730,4700,4714.5,
20060213T000000,4714,4752,4710.5,4726,
20060214T000000,4724,4762.5,4716.5,4761.5,
20060215T000000,4719.5,4747,4707,4728,
20060216T000000,4740.5,4774,4735.5,4763,
20060217T000000,4783.5,4792,4769.5,4785,
20060221T000000,4800,4806,4760.5,4768.5,
20060222T000000,4805.5,4831.5,4798,4825.5,
20060223T000000,4823.5,4840,4805,4837.5,
20060224T000000,4831.5,4868.5,4831,4860,
20060227T000000,4855.5,4870.5,4847.5,4867,
20060228T000000,4829.5,4831,4770.5,4774.5,
20060301T000000,4804,4846,4803,4841,
20060302T000000,4805.5,4812.5,4767,4778.5,
20060303T000000,4756,4804.5,4755.5,4801.5,
20060306T000000,4814.5,4817.5,4769,4773.5,
20060307T000000,4762,4780.5,4742.5,4756,
20060308T000000,4727.5,4759,4720,4743.5,
20060309T000000,4767.5,4792,4765,4770,
20060310T000000,4823,4861,4805.5,4857.5,
20060313T000000,4879.5,4894,4866,4873,
20060314T000000,4870.5,4912,4869.5,4906.5,
20060315T000000,4908.5,4917.5,4898.5,4903,
20060316T000000,4902.5,4915,4895.5,4903.5,
20060317T000000,4914.5,4929.5,4902.5,4922,
20060320T000000,4933,4937,4908,4912.5,
20060321T000000,4910,4946.5,4897,4927,
20060322T000000,4944.5,4979,4940.5,4973.5,
20060323T000000,4968.5,4983.5,4956.5,4973.5,
20060324T000000,4979,5004,4969,4981,
20060327T000000,4941.5,4955,4926,4935.5,
20060328T000000,4924.5,4941,4911,4938,
20060329T000000,4942,4976.5,4937,4969.5,
20060330T000000,4990.5,5022.5,4988.5,4993.5,
20060331T000000,5013,5017.5,4975.5,4976.5,
20060403T000000,5014.5,5030.5,5007.5,5020,
20060404T000000,4986.5,4999.5,4976.5,4995.5,
20060405T000000,4984,5000,4977,4994.5,
20060406T000000,4989,5001.5,4975.5,4997,
20060407T000000,5004.5,5009.5,4922,4929,
20060410T000000,4948.5,4964,4936.5,4944,
20060411T000000,4935.5,4937,4864.5,4865,
20060412T000000,4860,4874.5,4845.5,4848.5,
20060413T000000,4850.5,4878,4843,4874,
20060417T000000,4874,4874,4874,4874,
20060418T000000,4855.5,4885.5,4850.5,4878,
20060419T000000,4905,4938,4890,4930.5,
20060420T000000,4960.5,4994.5,4955,4985,
20060421T000000,5009.5,5027,4998.5,5022,
20060424T000000,4991,5002,4983,4998,
20060425T000000,5014.5,5019,4988.5,4996.5,
20060426T000000,5009.5,5025,5009,5011,
20060427T000000,4946,4990,4931.5,4979,
20060428T000000,4959.5,4982,4934,4947.5,
20060501T000000,4947.5,4947.5,4947.5,4947.5,
20060502T000000,4996.5,5018,4989,5014,
20060503T000000,4988.5,4992,4947,4949.5,
20060504T000000,4989.5,5010.5,4989,5000.5,
20060505T000000,5036.5,5072,5033,5065.5,
20060508T000000,5070.5,5080.5,5054.5,5064,
20060509T000000,5077.5,5094.5,5068,5085,
20060510T000000,5093,5097.5,5073,5081,
20060511T000000,5116.5,5116.5,5029.5,5041,
20060512T000000,4990,5002,4931.5,4935.5,
20060515T000000,4889,4907,4848.5,4854,
20060516T000000,4900,4911,4866.5,4895,
20060517T000000,4859,4868,4687.5,4727,
20060518T000000,4764.5,4783.5,4707,4726.5,
20060519T000000,4767.5,4797,4737,4789,
20060522T000000,4698.5,4717,4621,4654.5,
20060523T000000,4746,4789.5,4738.5,4760.5,
20060524T000000,4695.5,4722.5,4656.5,4683.5,
20060525T000000,4760.5,4804.5,4740.5,4791.5,
20060526T000000,4834.5,4873,4817,4863.5,
20060530T000000,4797,4799.5,4717,4744.5,
20060531T000000,4764,4789,4746.5,4765.5,
20060601T000000,4751.5,4807,4743.5,4804,
20060602T000000,4851,4853.5,4785,4816.5,
20060605T000000,4796.5,4797,4753.5,4759,
20060606T000000,4696.5,4704,4640.5,4680.5,
20060607T000000,4678,4714,4654.5,4689.5,
20060608T000000,4620.5,4632.5,4531,4579.5,
20060609T000000,4627.5,4657.5,4585.5,4598.5,
20060612T000000,4626.5,4629.5,4588.5,4591.5,
20060613T000000,4492.5,4523.5,4468.5,4486.5,
20060614T000000,4479.5,4509,4438,4458.5,
20060615T000000,4545,4599.5,4545,4595.5,
20060616T000000,4585,4602,4550,4564,
20060619T000000,4640,4643.5,4560,4562,
20060620T000000,4599.5,4652,4587.5,4635,
20060621T000000,4601.5,4675,4598,4674,
20060622T000000,4676,4688.5,4644.5,4654.5,
20060623T000000,4669.5,4713,4659.5,4702.5,
20060626T000000,4676.5,4688.5,4662,4676,
20060627T000000,4690.5,4695,4621,4632,
20060628T000000,4657.5,4673.5,4637,4650.5,
20060629T000000,4706.5,4751.5,4706.5,4742.5,
20060630T000000,4832.5,4843.5,4798.5,4843,
20060703T000000,4840.5,4863.5,4831.5,4858.5,
20060705T000000,4810.5,4815.5,4768.5,4808.5,
20060706T000000,4804,4841,4802.5,4818,
20060707T000000,4808.5,4831.5,4795,4808,
20060710T000000,4824,4858.5,4822.5,4842,
20060711T000000,4801.5,4817,4767,4795.5,
20060712T000000,4824,4834,4764.5,4771,
20060713T000000,4717.5,4740.5,4692,4695.5,
20060714T000000,4685.5,4688.5,4633.5,4657,
20060717T000000,4615.5,4647,4606.5,4625,
20060718T000000,4622,4627.5,4563,4569,
20060719T000000,4612,4729.5,4611,4723,
20060720T000000,4754.5,4759.5,4715.5,4722,
20060721T000000,4696.5,4698.5,4664,4681.5,
20060724T000000,4707,4794,4706.5,4778,
20060725T000000,4792.5,4822,4783,4802.5,
20060726T000000,4805,4828.5,4786,4824.5,
20060727T000000,4844.5,4864.5,4822.5,4824,
20060728T000000,4840,4897.5,4832.5,4891.5,
20060731T000000,4869,4886.5,4865.5,4883,
20060801T000000,4831.5,4833,4790,4813.5,
20060802T000000,4863,4906,4861.5,4903,
20060803T000000,4826.5,4877,4820,4873.5,
20060804T000000,4907.5,4914,4834,4844,
20060807T000000,4834,4840,4810,4831.5,
20060808T000000,4809.5,4830,4806,4824.5,
20060809T000000,4873.5,4894,4854,4855.5,
20060810T000000,4819,4855,4808.5,4853.5,
20060811T000000,4841,4850.5,4816,4836.5,
20060814T000000,4880,4911.5,4873,4897,
20060815T000000,4950.5,4981.5,4940.5,4957.5,
20060816T000000,4984.5,4995.5,4972.5,4992,
20060817T000000,4980.5,5007.5,4974.5,4995.5,
20060818T000000,5003,5009,4978.5,5002,
20060821T000000,4971,4971.5,4947.5,4956.5,
20060822T000000,4938,4984,4931.5,4966.5,
20060823T000000,4970,4979,4923.5,4937,
20060824T000000,4971.5,4975.5,4945.5,4959,
20060825T000000,4949,4968,4936.5,4956.5,
20060828T000000,4958.5,5018,4957.5,5016.5,
20060829T000000,5025.5,5027,4996,5008,
20060830T000000,5037.5,5045,5018,5026.5,
20060831T000000,5023.5,5027.5,5006.5,5020,
20060901T000000,5041.5,5051,5018,5038,
20060905T000000,5011.5,5034.5,4996.5,5022.5,
20060906T000000,4972.5,4974.5,4951,4961.5,
20060907T000000,4915.5,4924.5,4885.5,4921.5,
20060908T000000,4916,4924.5,4899,4922.5,
20060911T000000,4889.5,4934,4878.5,4924,
20060912T000000,4935.5,4981.5,4934,4978,
20060913T000000,4963.5,4988,4956.5,4983.5,
20060914T000000,4967,4971.5,4948,4965,
20060915T000000,4999.5,5005.5,4973,4980,
20060918T000000,4962.5,5004,4960.5,4991,
20060919T000000,4985.5,4986,4925,4932.5,
20060920T000000,5009.5,5040.5,5007.5,5033,
20060921T000000,5043,5056.5,5007,5019,
20060922T000000,5001.5,5002.5,4960,4986.5,
20060925T000000,5006,5024,4964.5,5008.5,
20060926T000000,5041.5,5069,5035,5061.5,
20060927T000000,5058.5,5083.5,5053.5,5076.5,
20060928T000000,5091,5101.5,5076,5090.5,
20060929T000000,5107,5108.5,5082,5100.5,
20061002T000000,5080,5089.5,5059,5061,
20061003T000000,5038,5085,5029.5,5076,
20061004T000000,5075.5,5099,5059.5,5097,
20061005T000000,5125,5134,5113,5118,
20061006T000000,5103.5,5121,5090.5,5114.5,
20061009T000000,5108,5130,5103.5,5126,
20061010T000000,5137,5145.5,5115.5,5122.5,
20061011T000000,5117.5,5159.5,5112,5151,
20061012T000000,5175,5195.5,5173,5186,
20061013T000000,5191,5198,5178.5,5194,
20061016T000000,5176,5200.5,5171.5,5199,
20061017T000000,5157,5157.5,5126.5,5149,
20061018T000000,5194.5,5211,5161.5,5167,
20061019T000000,5184.5,5206,5172.5,5181,
20061020T000000,5194,5217,5186,5211.5,
20061023T000000,5192.5,5250,5185.5,5245.5,
20061024T000000,5223,5235.5,5213,5216,
20061025T000000,5231.5,5248.5,5231,5245,
20061026T000000,5275,5275,5245,5270,
20061027T000000,5234.5,5234.5,5194,5214,
20061030T000000,5171.5,5191.5,5163.5,5191,
20061031T000000,5179,5189,5140.5,5149,
20061101T000000,5203,5209,5169.5,5175.5,
20061102T000000,5123.5,5140,5108,5123.5,
20061103T000000,5162.5,5180.5,5141.5,5151,
20061106T000000,5185.5,5230,5184.5,5226,
20061107T000000,5248.5,5266,5241,5249.5,
20061108T000000,5223,5249.5,5214.5,5245,
20061109T000000,5251.5,5256,5229.5,5243,
20061110T000000,5248.5,5260,5238,5249,
20061113T000000,5288.5,5308,5282.5,5291,
20061114T000000,5291.5,5296,5262.5,5282,
20061115T000000,5293.5,5319,5292,5318.5,
20061116T000000,5312.5,5315,5298,5311,
20061117T000000,5251.5,5266,5234,5260,
20061120T000000,5237,5279.5,5232.5,5267.5,
20061121T000000,5284,5288.5,5267,5285.5,
20061122T000000,5279,5290,5248.5,5264.5,
20061124T000000,5172,5206.5,5171.5,5178.5,
20061127T000000,5166,5176,5102.5,5106,
20061128T000000,5089.5,5127,5085,5105.5,
20061129T000000,5161.5,5189.5,5154,5168,
20061130T000000,5187.5,5193,5120.5,5140.5,
20061201T000000,5145.5,5151.5,5045,5053,
20061204T000000,5066.5,5116,5065,5113,
20061205T000000,5130,5182,5120.5,5158.5,
20061206T000000,5140,5162,5128,5149.5,
20061207T000000,5190,5207,5182.5,5187,
20061208T000000,5156,5216,5130.5,5197,
20061211T000000,5208,5238,5204.5,5233,
20061212T000000,5221,5236,5203,5220.5,
20061213T000000,5271.5,5291.5,5258,5282.5,
20061214T000000,5302.5,5318.5,5301,5313.5,
20061215T000000,5328.5,5355,5317.5,5322,
20061218T000000,5341,5346,5308,5320.5,
20061219T000000,5276,5308.5,5265.5,5284.5,
20061220T000000,5311,5319,5290,5291,
20061221T000000,5304,5309,5279.5,5284.5,
20061222T000000,5292,5293,5237.5,5242,
20061226T000000,5242,5242,5242,5242,
20061227T000000,5301,5341.5,5298.5,5335.5,
20061228T000000,5335,5347.5,5315.5,5331.5,
20061229T000000,5336.5,5349.5,5317.5,5349.5,
20070103T000000,5392,5415.5,5387.5,5391.5,
20070104T000000,5360.5,5374.5,5336.5,5353.5,
20070105T000000,5355,5357,5297.5,5310,
20070108T000000,5330.5,5337.5,5290,5314,
20070109T000000,5338.5,5342,5290.5,5314.5,
20070110T000000,5283,5311.5,5275.5,5301.5,
20070111T000000,5333.5,5410,5327.5,5397.5,
20070112T000000,5388.5,5419.5,5380,5417.5,
20070116T000000,5390,5401,5368,5377,
20070117T000000,5338.5,5362.5,5320.5,5357.5,
20070118T000000,5376,5382.5,5320.5,5331.5,
20070119T000000,5348.5,5407,5344,5399,
20070122T000000,5417.5,5417.5,5342.5,5354.5,
20070123T000000,5332,5382,5329.5,5375,
20070124T000000,5399.5,5427,5397.5,5416,
20070125T000000,5400.5,5407,5345,5347,
20070126T000000,5385,5388,5339,5362,
20070129T000000,5390.5,5409,5387,5389,
20070130T000000,5414,5431,5403.5,5421.5,
20070131T000000,5392,5411,5375.5,5380.5,
20070201T000000,5440,5465,5435.5,5445,
20070202T000000,5459,5466.5,5441.5,5459.5,
20070205T000000,5459,5466.5,5449.5,5457.5,
20070206T000000,5464,5470,5437,5450,
20070207T000000,5463.5,5487.5,5453.5,5483,
20070208T000000,5433.5,5452.5,5422.5,5452,
20070209T000000,5463,5471,5432,5435,
20070212T000000,5427.5,5429,5391.5,5410.5,
20070213T000000,5426.5,5464,5426.5,5457.5,
20070214T000000,5465.5,5494.5,5463,5493,
20070215T000000,5484,5493.5,5471,5483,
20070216T000000,5482.5,5485,5472,5476.5,
20070220T000000,5474,5494,5442.5,5488.5,
20070221T000000,5456,5468.5,5438.5,5459.5,
20070222T000000,5486.5,5499.5,5458.5,5480.5,
20070223T000000,5480,5493.5,5453,5483,
20070226T000000,5532,5534.5,5504.5,5513.5,
20070227T000000,5379.5,5384,5264,5278.5,
20070228T000000,5287.5,5318.5,5241.5,5261.5,
20070301T000000,5161.5,5224,5111.5,5211.5,
20070302T000000,5179.5,5209.5,5129.5,5144,
20070305T000000,5096,5163.5,5095,5143.5,
20070306T000000,5193,5227,5177.5,5222,
20070307T000000,5200,5240.5,5197,5233.5,
20070308T000000,5258,5288.5,5255.5,5280.5,
20070309T000000,5292.5,5302,5259,5279,
20070312T000000,5252.5,5275,5232,5273,
20070313T000000,5205,5235,5127,5127,
20070314T000000,5103,5120.5,5016,5104,
20070315T000000,5081,5148.5,5076.5,5134.5,
20070316T000000,5130,5174.5,5112.5,5124.5,
20070319T000000,5179.5,5210.5,5164,5206,
20070320T000000,5185,5258.5,5177.5,5245.5,
20070321T000000,5264,5335.5,5242.5,5331.5,
20070322T000000,5343.5,5356.5,5310,5347,
20070323T000000,5357.5,5391.5,5353,5386.5,
20070326T000000,5377,5377,5292.5,5350.5,
20070327T000000,5336.5,5352,5324.5,5345.5,
20070328T000000,5300,5338,5275,5319.5,
20070329T000000,5367,5379.5,5346,5350.5,
20070330T000000,5380.5,5420.5,5339,5376,
20070402T000000,5382.5,5396,5351.5,5382.5,
20070403T000000,5413,5469.5,5410,5466.5,
20070404T000000,5464,5489.5,5446.5,5479.5,
20070405T000000,5469,5498.5,5466,5493.5,
20070409T000000,5493.5,5493.5,5493.5,5493.5,
20070410T000000,5488,5516.5,5486,5512.5,
20070411T000000,5530,5532,5476.5,5489.5,
20070412T000000,5454.5,5507.5,5438.5,5504,
20070413T000000,5519.5,5536,5499.5,5531,
20070416T000000,5573.5,5605,5572.5,5587.5,
20070417T000000,5589,5603.5,5566.5,5576,
20070418T000000,5567,5580,5544.5,5578.5,
20070419T000000,5522,5584.5,5518,5576.5,
20070420T000000,5649.5,5691.5,5646.5,5667.5,
20070423T000000,5644,5666,5627,5628,
20070424T000000,5634,5640,5591,5624.5,
20070425T000000,5681.5,5697.5,5653,5695,
20070426T000000,5693.5,5701.5,5665,5673,
20070427T000000,5655,5686.5,5650.5,5684.5,
20070430T000000,5695,5718.5,5679.5,5706.5,
20070501T000000,5706.5,5706.5,5706.5,5706.5,
20070502T000000,5703,5739,5700.5,5735,
20070503T000000,5743,5749.5,5723.5,5736.5,
20070504T000000,5778,5821.5,5769.5,5811,
20070507T000000,5818,5824.5,5809.5,5822.5,
20070508T000000,5780,5803.5,5765.5,5798,
20070509T000000,5772,5803,5768.5,5789,
20070510T000000,5791,5801.5,5703,5721,
20070511T000000,5730,5808.5,5720,5802.5,
20070514T000000,5793.5,5804,5765,5765,
20070515T000000,5785,5837,5774,5811.5,
20070516T000000,5804,5817.5,5773,5787,
20070517T000000,5789.5,5797.5,5772,5786,
20070518T000000,5861,5892,5860,5887,
20070521T000000,5898,5902.5,5883,5890,
20070522T000000,5898.5,5904.5,5872.5,5900.5,
20070523T000000,5905.5,5923.5,5895.5,5916.5,
20070524T000000,5894.5,5923.5,5838.5,5858,
20070525T000000,5865.5,5890,5850,5876.5,
20070529T000000,5877,5891.5,5844,5852.5,
20070530T000000,5812.5,5871,5806.5,5856.5,
20070531T000000,5913.5,5939.5,5912,5920.5,
20070601T000000,5954,5990.5,5953,5977,
20070604T000000,5940.5,5960.5,5932,5942.5,
20070605T000000,5913.5,5925.5,5851.5,5869.5,
20070606T000000,5863,5863.5,5771.5,5784.5,
20070607T000000,5759.5,5788.5,5671,5689,
20070608T000000,5743.5,5759,5710,5744.5,
20070611T000000,5771,5812,5758.5,5800.5,
20070612T000000,5752,5763.5,5721.5,5760.5,
20070613T000000,5761,5790,5757.5,5772.5,
20070614T000000,5831.5,5901,5828.5,5892,
20070615T000000,5949.5,5961.5,5922,5935.5,
20070618T000000,5939,5941.5,5902,5928.5,
20070619T000000,5919,5930.5,5893.5,5919,
20070620T000000,5953.5,5955,5892,5900,
20070621T000000,5864,5898.5,5829,5896,
20070622T000000,5865,5878.5,5792,5815,
20070625T000000,5795.5,5859,5777.5,5841,
20070626T000000,5814,5830,5777,5782,
20070627T000000,5745,5782.5,5737,5774,
20070628T000000,5819,5871.5,5814,5866.5,
20070629T000000,5848.5,5896,5844,5859,
20070702T000000,5851.5,5871,5838,5859,
20070703T000000,5905,5915,5896.5,5902,
20070705T000000,5911,5919.5,5860.5,5875,
20070706T000000,5920,5931,5904.5,5920.5,
20070709T000000,5947,5952,5925.5,5942.5,
20070710T000000,5850.5,5865,5802,5809,
20070711T000000,5784,5837,5775,5829,
20070712T000000,5871,5946,5870.5,5942,
20070713T000000,5939,5961.5,5926,5936,
20070716T000000,5930,5957.5,5921,5922,
20070717T000000,5913,5931.5,5906,5919,
20070718T000000,5872,5887,5788.5,5811.5,
20070719T000000,5884,5903.5,5860,5886,
20070720T000000,5835,5839.5,5731.5,5760.5,
20070723T000000,5804.5,5833,5777,5812.5,
20070724T000000,5752.5,5766.5,5714,5723.5,
20070725T000000,5709,5717,5618,5635.5,
20070726T000000,5557.5,5596,5427.5,5442.5,
20070727T000000,5504.5,5526,5402.5,5469.5,
20070730T000000,5478,5497,5441,5491,
20070731T000000,5545.5,5576,5524.5,5543.5,
20070801T000000,5468,5521,5453.5,5471,
20070802T000000,5509,5531.5,5465.5,5483.5,
20070803T000000,5448.5,5456.5,5391.5,5411.5,
20070806T000000,5364,5393,5325.5,5357.5,
20070807T000000,5395.5,5473.5,5386.5,5467,
20070808T000000,5480,5577,5479.5,5572,
20070809T000000,5396,5459,5368.5,5413.5,
20070810T000000,5295,5340,5238.5,5270.5,
20070813T000000,5362,5383.5,5323,5342.5,
20070814T000000,5369,5377.5,5267,5274.5,
20070815T000000,5207,5274.5,5187,5265.5,
20070816T000000,5116,5145.5,4992,5062,
20070817T000000,5232,5256.5,5129.5,5176,
20070820T000000,5242,5251,5156.5,5172.5,
20070821T000000,5199,5247.5,5183,5213.5,
20070822T000000,5309,5333,5278.5,5313.5,
20070823T000000,5355.5,5364,5281.5,5310,
20070824T000000,5332,5397.5,5322.5,5395,
20070827T000000,5414,5415,5380.5,5388,
20070828T000000,5320,5329,5257,5290.5,
20070829T000000,5291.5,5340,5261.5,5322.5,
20070830T000000,5321,5402.5,5314,5378,
20070831T000000,5462,5485.5,5424.5,5470.5,
20070904T000000,5430,5478.5,5421.5,5469.5,
20070905T000000,5404,5407,5338,5362.5,
20070906T000000,5358,5394,5317.5,5372.5,
20070907T000000,5257.5,5285.5,5202.5,5230.5,
20070910T000000,5239,5242,5165.5,5192,
20070911T000000,5244.5,5283,5241,5278.5,
20070912T000000,5269.5,5308,5260,5292.5,
20070913T000000,5349,5362.5,5335.5,5339.5,
20070914T000000,5294,5343,5275.5,5339.5,
20070917T000000,5253,5273,5203.5,5224,
20070918T000000,5307.5,5344,5290,5334.5,
20070919T000000,5488,5529,5468.5,5482,
20070920T000000,5474,5494.5,5457,5464.5,
20070921T000000,5480.5,5503,5471,5489.5,
20070924T000000,5484,5491,5456.5,5459.5,
20070925T000000,5403.5,5446.5,5389.5,5422.5,
20070926T000000,5488,5499,5448.5,5452,
20070927T000000,5519,5535.5,5506.5,5512,
20070928T000000,5500,5512,5454.5,5500.5,
20071001T000000,5493.5,5579.5,5491.5,5575.5,
20071002T000000,5591.5,5594.5,5563,5573.5,
20071003T000000,5573,5587.5,5564.5,5572.5,
20071004T000000,5590.5,5596.5,5571.5,5578,
20071005T000000,5615.5,5628.5,5597,5624.5,
20071008T000000,5602.5,5612,5589.5,5595.5,
20071009T000000,5623.5,5643.5,5616,5620,
20071010T000000,5601,5615.5,5578.5,5594,
20071011T000000,5636,5647,5627.5,5631.5,
20071012T000000,5575.5,5622.5,5559.5,5607,
20071015T000000,5631.5,5632.5,5565,5574,
20071016T000000,5522.5,5558.5,5508.5,5542.5,
20071017T000000,5602,5612,5555.5,5561,
20071018T000000,5525,5559.5,5517,5558.5,
20071019T000000,5522.5,5524.5,5493.5,5508.5,
20071022T000000,5409,5455.5,5404,5444,
20071023T000000,5482.5,5489.5,5458.5,5480.5,
20071024T000000,5484,5498.5,5417,5440,
20071025T000000,5512,5529,5483.5,5492.5,
20071026T000000,5562.5,5569.5,5547,5563.5,
20071029T000000,5593,5608,5587,5596.5,
20071030T000000,5569.5,5585,5558.5,5571.5,
20071031T000000,5598.5,5630.5,5561.5,5623,
20071101T000000,5500,5505,5460.5,5477.5,
20071102T000000,5472.5,5505,5435,5473.5,
20071105T000000,5423.5,5453.5,5419,5424.5,
20071106T000000,5479,5498,5458.5,5491.5,
20071107T000000,5443.5,5454,5383,5397.5,
20071108T000000,5400.5,5403.5,5337.5,5372,
20071109T000000,5292,5307.5,5245.5,5293.5,
20071112T000000,5262,5298,5251,5265.5,
20071113T000000,5292.5,5305.5,5275,5299.5,
20071114T000000,5390,5392,5356.5,5362.5,
20071115T000000,5299,5325.5,5278,5287.5,
20071116T000000,5306.5,5326,5261.5,5306.5,
20071119T000000,5268,5270,5164.5,5168,
20071120T000000,5217,5280,5197,5225,
20071121T000000,5169,5188,5118,5161,
20071123T000000,5248,5292,5246.5,5287,
20071126T000000,5261.5,5283.5,5195,5201,
20071127T000000,5175,5221,5141.5,5200.5,
20071128T000000,5265,5359.5,5264.5,5353,
20071129T000000,5323.5,5370,5318.5,5346,
20071130T000000,5442.5,5445,5406.5,5431.5,
20071203T000000,5403.5,5408,5374,5375.5,
20071204T000000,5302.5,5331,5294,5313,
20071205T000000,5386,5423.5,5383,5411.5,
20071206T000000,5395.5,5448,5394.5,5437.5,
20071207T000000,5490,5495.5,5457,5467.5,
20071210T000000,5475.5,5526.5,5470,5494,
20071211T000000,5479,5505.5,5454.5,5502,
20071212T000000,5523.5,5533,5455.5,5486,
20071213T000000,5374.5,5400,5330.5,5345,
20071214T000000,5321.5,5376.5,5311.5,5335.5,
20071217T000000,5274,5290.5,5232,5233.5,
20071218T000000,5301,5313,5196.5,5234,
20071219T000000,5276,5297.5,5227,5241,
20071220T000000,5290,5291,5238,5272.5,
20071221T000000,5335,5358.5,5320.5,5343.5,
20071224T000000,5352,5352,5352,5352,
20071226T000000,5352,5352,5352,5352,
20071227T000000,5372,5381.5,5325,5343.5,
20071228T000000,5361,5378.5,5333.5,5349,
20071231T000000,5342,5342,5342,5342,
20080102T000000,5383,5389,5249,5262.5,
20080103T000000,5265,5296,5263.5,5268.5,
20080104T000000,5220.5,5224,5153.5,5179.5,
20080107T000000,5203,5214.5,5163.5,5193,
20080108T000000,5241.5,5271,5213.5,5242.5,
20080109T000000,5169.5,5197.5,5136,5152,
20080110T000000,5138,5189.5,5117,5137,
20080111T000000,5105,5117,5065.5,5075.5,
20080114T000000,5148.5,5151.5,5124,5139.5,
20080115T000000,5038.5,5047,4970.5,4997.5,
20080116T000000,4988,5019.5,4932.5,4967,
20080117T000000,4966,4986.5,4852.5,4859.5,
20080118T000000,4915,4931,4794,4822,
20080122T000000,4427.5,4653,4415.5,4623,
20080123T000000,4354,4486,4274,4365,
20080124T000000,4585,4652.5,4530,4631.5,
20080125T000000,4715,4725,4533,4551,
20080128T000000,4560.5,4619,4494,4597,
20080129T000000,4654.5,4678.5,4599.5,4656,
20080130T000000,4598.5,4613.5,4575,4585,
20080131T000000,4506.5,4642,4493.5,4610,
20080201T000000,4674,4736.5,4652,4700.5,
20080204T000000,4708,4711.5,4660,4681,
20080205T000000,4567,4570.5,4448.5,4464,
20080206T000000,4520.5,4543,4482.5,4484,
20080207T000000,4442.5,4497,4417,4494.5,
20080208T000000,4417.5,4448.5,4357,4387,
20080211T000000,4433,4441,4359.5,4420.5,
20080212T000000,4499.5,4565,4486,4534,
20080213T000000,4588.5,4603,4548.5,4590,
20080214T000000,4613.5,4622.5,4542.5,4558,
20080215T000000,4494,4508.5,4453.5,4505.5,
20080219T000000,4630,4637.5,4588.5,4612.5,
20080220T000000,4516,4566.5,4506.5,4558.5,
20080221T000000,4611,4616,4534.5,4546.5,
20080222T000000,4576.5,4580,4494.5,4512.5,
20080225T000000,4600.5,4635,4577.5,4613,
20080226T000000,4635,4715.5,4621,4694.5,
20080227T000000,4613,4685.5,4607.5,4663.5,
20080228T000000,4582,4611,4559,4591.5,
20080229T000000,4517.5,4524.5,4466.5,4467.5,
20080303T000000,4432.5,4477,4413,4458.5,
20080304T000000,4393,4415.5,4356.5,4373,
20080305T000000,4427,4471.5,4396.5,4411,
20080306T000000,4414,4427.5,4364,4375.5,
20080307T000000,4292.5,4362,4278.5,4287.5,
20080310T000000,4323,4326,4234,4259,
20080311T000000,4372,4384,4306.5,4371.5,
20080312T000000,4405.5,4426.5,4364.5,4372.5,
20080313T000000,4271,4381,4245,4366.5,
20080314T000000,4383.5,4384.5,4211.5,4245.5,
20080317T000000,4132,4208,4112,4174.5,
20080318T000000,4230,4311.5,4228,4306.5,
20080319T000000,4287.5,4313,4198,4228.5,
20080320T000000,4193.5,4278,4177.5,4278,
20080324T000000,4278,4278,4278,4278,
20080325T000000,4373,4406,4336,4398,
20080326T000000,4367.5,4387,4340.5,4387,
20080327T000000,4439.5,4441.5,4367,4386,
20080328T000000,4386,4403,4357,4370,
20080331T000000,4379.5,4422,4367,4410,
20080401T000000,4496.5,4594,4495.5,4582,
20080402T000000,4587.5,4616,4563.5,4598.5,
20080403T000000,4560.5,4610.5,4551,4599.5,
20080404T000000,4581.5,4611.5,4538,4601.5,
20080407T000000,4637.5,4648.5,4614.5,4628.5,
20080408T000000,4571.5,4604,4566.5,4585,
20080409T000000,4598,4602.5,4538,4560,
20080410T000000,4504.5,4563.5,4475,4548,
20080411T000000,4486,4500,4459.5,4488,
20080414T000000,4468.5,4481.5,4445.5,4462.5,
20080415T000000,4500,4501.5,4453,4493.5,
20080416T000000,4528,4553.5,4516.5,4548.5,
20080417T000000,4532,4573,4524,4570,
20080418T000000,4635.5,4665,4628,4649.5,
20080421T000000,4594.5,4617,4571,4600,
20080422T000000,4591.5,4592,4525,4542.5,
20080423T000000,4576.5,4641,4555.5,4615.5,
20080424T000000,4622,4661.5,4579,4652,
20080425T000000,4702.5,4704.5,4663.5,4683.5,
20080428T000000,4721.5,4730,4708.5,4720.5,
20080429T000000,4686.5,4693.5,4657,4681,
20080430T000000,4681,4706,4678,4695.5,
20080501T000000,4695.5,4695.5,4695.5,4695.5,
20080502T000000,4797,4801.5,4762.5,4767,
20080505T000000,4751.5,4777,4746,4749,
20080506T000000,4723.5,4770,4708.5,4766.5,
20080507T000000,4785,4795.5,4754,4756,
20080508T000000,4742.5,4761,4720,4760,
20080509T000000,4666.5,4690,4661.5,4676.5,
20080512T000000,4710,4713.5,4672,4699.5,
20080513T000000,4730.5,4732,4700,4724,
20080514T000000,4746,4790.5,4745,4782.5,
20080515T000000,4755.5,4808.5,4748,4794.5,
20080516T000000,4838,4853,4790.5,4812,
20080519T000000,4841.5,4890.5,4829.5,4877,
20080520T000000,4818,4819.5,4789,4794.5,
20080521T000000,4788.5,4795,4759,4759.5,
20080522T000000,4755.5,4805.5,4751.5,4795,
20080523T000000,4748,4752,4693.5,4706,
20080527T000000,4690,4717.5,4676.5,4699,
20080528T000000,4772,4774.5,4730,4746,
20080529T000000,4759,4808.5,4741.5,4803.5,
20080530T000000,4808,4822.5,4791,4813.5,
20080602T000000,4740.5,4743,4697,4720,
20080603T000000,4766,4786.5,4719,4743,
20080604T000000,4681,4724,4676.5,4695,
20080605T000000,4696.5,4729.5,4673,4725.5,
20080606T000000,4655.5,4667.5,4537.5,4538.5,
20080609T000000,4598,4614.5,4552,4587.5,
20080610T000000,4553,4586,4543.5,4561,
20080611T000000,4524.5,4527,4432,4435.5,
20080612T000000,4448,4481,4417.5,4443.5,
20080613T000000,4438,4482,4431,4478.5,
20080616T000000,4426.5,4476,4414,4469,
20080617T000000,4509.5,4510,4460.5,4463.5,
20080618T000000,4427,4431.5,4389,4414.5,
20080619T000000,4408.5,4426.5,4381.5,4411.5,
20080620T000000,4317.5,4324,4263.5,4277,
20080623T000000,4316.5,4332.5,4290.5,4301.5,
20080624T000000,4258,4290,4222,4268,
20080625T000000,4304,4338.5,4297,4297,
20080626T000000,4257.5,4263.5,4165,4167,
20080627T000000,4190,4220.5,4144.5,4159.5,
20080630T000000,4208,4231.5,4185.5,4199,
20080701T000000,4111,4152,4063,4145.5,
20080702T000000,4140.5,4144.5,4029.5,4034.5,
20080703T000000,4132.5,4147,4063,4141.5,
20080707T000000,4105.5,4137.5,4040,4067.5,
20080708T000000,4067,4120.5,4025.5,4119.5,
20080709T000000,4123.5,4128.5,4041.5,4044.5,
20080710T000000,4037,4049,3990,4035.5,
20080711T000000,3912,3941,3863,3894,
20080714T000000,3969,3974.5,3887,3903,
20080715T000000,3857,3905.5,3803.5,3851.5,
20080716T000000,3831,3942.5,3816.5,3942,
20080717T000000,4023,4053.5,3975.5,4042.5,
20080718T000000,4051,4082.5,4028.5,4077.5,
20080721T000000,4128.5,4131.5,4084,4104,
20080722T000000,4060.5,4152.5,4050,4151.5,
20080723T000000,4171.5,4200,4158.5,4176.5,
20080724T000000,4172,4174,4089.5,4095.5,
20080725T000000,4133.5,4176.5,4113.5,4149,
20080728T000000,4123.5,4142.5,4062,4066.5,
20080729T000000,4051,4121.5,4047.5,4117,
20080730T000000,4171.5,4201.5,4141,4189.5,
20080731T000000,4149,4188,4140.5,4142.5,
20080801T000000,4143,4147.5,4066,4084.5,
20080804T000000,4080,4083.5,4040.5,4054.5,
20080805T000000,4131,4205,4123.5,4203,
20080806T000000,4201.5,4248,4189.5,4238,
20080807T000000,4251,4251,4189.5,4202.5,
20080808T000000,4195,4299,4191.5,4292,
20080811T000000,4284,4322,4277,4298.5,
20080812T000000,4290,4294,4253,4269,
20080813T000000,4212,4219,4160.5,4196,
20080814T000000,4153,4222.5,4150.5,4196.5,
20080815T000000,4201.5,4226.5,4191,4214.5,
20080818T000000,4250,4251,4149.5,4166,
20080819T000000,4131,4138,4080,4102,
20080820T000000,4124.5,4141,4091.5,4124.5,
20080821T000000,4073,4105.5,4065.5,4096,
20080822T000000,4131.5,4172,4129,4167.5,
20080825T000000,4139.5,4149.5,4078,4087,
20080826T000000,4086,4148.5,4077,4125,
20080827T000000,4112,4159,4105,4148,
20080828T000000,4200.5,4243.5,4194.5,4238,
20080829T000000,4241.5,4271,4236,4242.5,
20080902T000000,4312.5,4320,4244.5,4255,
20080903T000000,4227,4247.5,4190.5,4208.5,
20080904T000000,4139.5,4161,4015,4020.5,
20080905T000000,4005,4028.5,3937.5,4025.5,
20080908T000000,4154,4159.5,4077,4127.5,
20080909T000000,4111.5,4124.5,3989,3989,
20080910T000000,4062,4097.5,4028.5,4054.5,
20080911T000000,3969,4081,3952.5,4078.5,
20080912T000000,4033.5,4099,4015.5,4086.5,
20080915T000000,3880,3953,3870,3885.5,
20080916T000000,3805.5,3917,3805,3905,
20080917T000000,3842,3870,3708,3709.5,
20080918T000000,3804.5,3873,3648,3830,
20080919T000000,4033,4148,3976,4129.5,
20080922T000000,4098,4103.5,3901.5,3913,
20080923T000000,3914,3951.5,3834,3842,
20080924T000000,3888,3896,3850.5,3871,
20080925T000000,3939.5,4007.5,3926,3978.5,
20080926T000000,3916.5,3964,3881,3964,
20080929T000000,3795,3798,3484,3553,
20080930T000000,3701.5,3861.5,3688,3852.5,
20081001T000000,3797.5,3874.5,3748.5,3855,
20081002T000000,3825,3828.5,3680,3695.5,
20081003T000000,3722.5,3874,3664.5,3686,
20081006T000000,3600,3608,3383.5,3535,
20081007T000000,3579,3585.5,3321.5,3324,
20081008T000000,3332,3400,3177.5,3227.5,
20081009T000000,3342.5,3351,2979.5,3029,
20081010T000000,2851,3100.5,2783.5,3004,
20081013T000000,3139,3406.5,3110,3399.5,
20081014T000000,3461,3476.5,3238.5,3326.5,
20081015T000000,3248,3256.5,2960.5,2962.5,
20081016T000000,3023,3109.5,2856.5,3103,
20081017T000000,2953.5,3194.5,2944.5,3052.5,
20081020T000000,3128,3262.5,3114.5,3259.5,
20081021T000000,3206,3253,3139,3165.5,
20081022T000000,3084.5,3102,2888,2976.5,
20081023T000000,2977.5,3088.5,2876,3030,
20081024T000000,2749,3010.5,2743.5,2953.5,
20081027T000000,2789.5,2906.5,2750,2756,
20081028T000000,2892,3081,2773,3074,
20081029T000000,3062.5,3205.5,3041,3086,
20081030T000000,3194,3224,3065,3153.5,
20081031T000000,3100,3262.5,3077.5,3241.5,
20081103T000000,3215,3271.5,3202.5,3254,
20081104T000000,3354,3436.5,3330.5,3432,
20081105T000000,3352.5,3398.5,3242.5,3262,
20081106T000000,3236.5,3272,3047.5,3079.5,
20081107T000000,3140,3253.5,3140,3247.5,
20081110T000000,3287,3302,3134,3181.5,
20081111T000000,3117,3175,3058.5,3112.5,
20081112T000000,3036,3047.5,2928.5,2944.5,
20081113T000000,3001,3197,2879.5,3191.5,
20081114T000000,3080.5,3132.5,3017,3026,
20081117T000000,2990,3028.5,2912.5,2937.5,
20081118T000000,2906.5,3003,2880.5,2974.5,
20081119T000000,2904,2933.5,2772,2781,
20081120T000000,2733,2814.5,2589,2597,
20081121T000000,2706,2729,2561,2718.5,
20081124T000000,2777,2965.5,2755.5,2910,
20081125T000000,2994,3024,2884.5,2947.5,
20081126T000000,2864.5,3008,2852.5,2993.5,
20081128T000000,2970.5,3032,2964,3029,
20081201T000000,2920,2924,2760,2772.5,
20081202T000000,2850,2937,2809,2932,
20081203T000000,2822.5,2963.5,2810.5,2960,
20081204T000000,2875.5,2944,2793,2838,
20081205T000000,2774,2885,2703,2869,
20081208T000000,2933,3022.5,2922.5,2990,
20081209T000000,3025,3092,2979,3001,
20081210T000000,3051.5,3095.5,3033,3090.5,
20081211T000000,3037,3092,3000,3011,
20081212T000000,2914,3039,2903,3023.5,
20081215T000000,2991,2992.5,2903,2939.5,
20081216T000000,2936,3095,2930,3074.5,
20081217T000000,3000.5,3050.5,2967,3006.5,
20081218T000000,2973,3009,2905.5,2930.5,
20081219T000000,2959,3001.5,2929,2934.5,
20081222T000000,2938,2942,2851.5,2895,
20081223T000000,2924.5,2939.5,2849.5,2864,
20081224T000000,2867.5,2867.5,2867.5,2867.5,
20081226T000000,2867.5,2867.5,2867.5,2867.5,
20081229T000000,2887,2902.5,2851.5,2902.5,
20081230T000000,2911.5,3009.5,2898.5,3009.5,
20081231T000000,2968,2968,2968,2968,
20090102T000000,3031,3148,3019.5,3134,
20090105T000000,3089,3128.5,3069.5,3102.5,
20090106T000000,3147,3176.5,3116,3140.5,
20090107T000000,3106,3110.5,3051.5,3071,
20090108T000000,3041,3097.5,3018.5,3097,
20090109T000000,3101,3106,3014,3038,
20090112T000000,3026.5,3029,2951,2966.5,
20090113T000000,2924.5,2959,2911.5,2942.5,
20090114T000000,2845,2850,2763,2798.5,
20090115T000000,2787,2814,2704,2795,
20090116T000000,2821.5,2824.5,2713,2776,
20090120T000000,2729,2736,2597.5,2606.5,
20090121T000000,2662,2735,2620,2724.5,
20090122T000000,2640,2680.5,2589.5,2646.5,
20090123T000000,2542.5,2638.5,2529.5,2615.5,
20090126T000000,2644,2715,2637,2656,
20090127T000000,2669,2721.5,2652,2695.5,
20090128T000000,2794,2843.5,2784.5,2831,
20090129T000000,2756,2773,2709,2720,
20090130T000000,2760.5,2769,2685.5,2698,
20090202T000000,2639.5,2701.5,2634.5,2686,
20090203T000000,2700,2762.5,2675.5,2740,
20090204T000000,2777.5,2842.5,2752.5,2757.5,
20090205T000000,2753.5,2853,2716,2833,
20090206T000000,2837.5,2889.5,2831,2861.5,
20090209T000000,2865.5,2888.5,2844,2875.5,
20090210T000000,2839,2868,2703.5,2720.5,
20090211T000000,2762,2778.5,2724,2760.5,
20090212T000000,2702.5,2755.5,2673,2752.5,
20090213T000000,2753,2765,2727,2727,
20090217T000000,2633.5,2643.5,2594.5,2603.5,
20090218T000000,2628.5,2636,2564,2607,
20090219T000000,2639,2656,2575.5,2586.5,
20090220T000000,2503,2546.5,2453.5,2495.5,
20090223T000000,2527.5,2528,2411.5,2420.5,
20090224T000000,2443.5,2519.5,2423.5,2502.5,
20090225T000000,2474.5,2502.5,2399.5,2461.5,
20090226T000000,2483.5,2512.5,2413,2417.5,
20090227T000000,2403.5,2480,2390.5,2422,
20090302T000000,2364.5,2378.5,2293,2305.5,
20090303T000000,2342,2345.5,2274.5,2294,
20090304T000000,2362,2444,2356.5,2402.5,
20090305T000000,2359,2386,2277,2303,
20090306T000000,2306,2333.5,2235.5,2290.5,
20090309T000000,2219,2276,2215.5,2225,
20090310T000000,2297,2415,2293,2401.5,
20090311T000000,2441,2476.5,2371,2388,
20090312T000000,2388,2479.5,2364.5,2472.5,
20090313T000000,2484.5,2497,2433,2477.5,
20090316T000000,2503,2545.5,2486.5,2490,
20090317T000000,2476.5,2550.5,2462.5,2547.5,
20090318T000000,2494,2563.5,2459.5,2543.5,
20090319T000000,2563.5,2564.5,2496.5,2501,
20090320T000000,2533.5,2538.5,2473,2481,
20090323T000000,2560.5,2658,2539,2655.5,
20090324T000000,2610,2639.5,2580,2593,
20090325T000000,2611,2658.5,2559,2616,
20090326T000000,2619,2660,2595.5,2649.5,
20090327T000000,2585,2592,2558,2564.5,
20090330T000000,2503,2504.5,2444,2465.5,
20090331T000000,2501,2582,2486.5,2543.5,
20090401T000000,2495,2624,2491,2610.5,
20090402T000000,2683,2748,2671.5,2704.5,
20090403T000000,2715.5,2736,2687.5,2734.5,
20090406T000000,2659,2684,2643.5,2679.5,
20090407T000000,2630.5,2658,2614,2626,
20090408T000000,2664,2683,2639.5,2666,
20090409T000000,2722,2746.5,2705.5,2746.5,
20090413T000000,2746.5,2746.5,2746.5,2746.5,
20090414T000000,2712,2753.5,2700.5,2709.5,
20090415T000000,2706,2766,2699.5,2760,
20090416T000000,2786,2812,2758,2797.5,
20090417T000000,2823,2848,2799,2834,
20090420T000000,2739.5,2744.5,2680.5,2690.5,
20090421T000000,2649.5,2756,2646,2751,
20090422T000000,2691.5,2785.5,2682,2735.5,
20090423T000000,2785.5,2799,2746,2793.5,
20090424T000000,2840.5,2872,2824,2855,
20090427T000000,2819.5,2865,2813.5,2835,
20090428T000000,2788,2841.5,2782,2808.5,
20090429T000000,2839.5,2899,2834,2866,
20090430T000000,2917,2950.5,2869,2884,
20090501T000000,2884,2884,2884,2884,
20090504T000000,2957,3024,2954,3022,
20090505T000000,3012,3023.5,2976.5,3007,
20090506T000000,3080.5,3100,3045.5,3094.5,
20090507T000000,3114.5,3120,3008,3029,
20090508T000000,3098,3127.5,3072,3119.5,
20090511T000000,3022,3036.5,3002.5,3019,
20090512T000000,3040.5,3047.5,2997,3032.5,
20090513T000000,2969,2974.5,2931,2939,
20090514T000000,2927,2975.5,2920,2955,
20090515T000000,2961.5,2983.5,2928.5,2944,
20090518T000000,2994,3061,2989.5,3059,
20090519T000000,3063.5,3101,3055.5,3072.5,
20090520T000000,3109.5,3139.5,3074.5,3079,
20090521T000000,3046,3059.5,3019,3050,
20090522T000000,3057.5,3062,3022.5,3042.5,
20090526T000000,3002,3116,3000.5,3104.5,
20090527T000000,3117.5,3133.5,3067,3074.5,
20090528T000000,3118.5,3133.5,3062,3129,
20090529T000000,3132,3145,3096.5,3145,
20090601T000000,3189.5,3219.5,3180,3195,
20090602T000000,3207,3244,3200.5,3219,
20090603T000000,3170.5,3175,3123,3150,
20090604T000000,3181,3183,3145.5,3174,
20090605T000000,3219.5,3225,3159,3175,
20090608T000000,3141,3177,3121.5,3158.5,
20090609T000000,3147,3164,3129.5,3151,
20090610T000000,3199.5,3200,3127.5,3144.5,
20090611T000000,3163,3195,3161.5,3163,
20090612T000000,3169,3186.5,3159,3186.5,
20090615T000000,3120,3121,3057,3076,
20090616T000000,3085,3087.5,3022,3027,
20090617T000000,3025.5,3032.5,2982.5,3010,
20090618T000000,3009.5,3053.5,2998.5,3034.5,
20090619T000000,3083,3085.5,3042.5,3053.5,
20090622T000000,3005.5,3009,2953,2957.5,
20090623T000000,2974,2989.5,2947.5,2964.5,
20090624T000000,3001.5,3043.5,2995,2998.5,
20090625T000000,2966,3047,2962,3037,
20090626T000000,2983.5,2994.5,2958,2979,
20090629T000000,3021,3054,3007.5,3033,
20090630T000000,3029,3039,2969,2999.5,
20090701T000000,3036,3083,3033.5,3039.5,
20090702T000000,2996.5,2997.5,2955.5,2962,
20090706T000000,2923,2955,2911.5,2954.5,
20090707T000000,2937,2940.5,2874,2880.5,
20090708T000000,2884,2894.5,2838.5,2865,
20090709T000000,2893.5,2897.5,2864.5,2869.5,
20090710T000000,2855,2873,2824.5,2846.5,
20090713T000000,2871.5,2923.5,2854.5,2918.5,
20090714T000000,2925.5,2941.5,2900,2933.5,
20090715T000000,2988,3036,2982.5,3026.5,
20090716T000000,3057.5,3094,3046.5,3083.5,
20090717T000000,3076.5,3087.5,3063,3087,
20090720T000000,3114.5,3134.5,3094.5,3129,
20090721T000000,3171.5,3173,3128,3157,
20090722T000000,3128.5,3168.5,3127.5,3149.5,
20090723T000000,3142.5,3236.5,3140.5,3223.5,
20090724T000000,3223.5,3244,3197.5,3237.5,
20090727T000000,3215,3236,3201,3234.5,
20090728T000000,3204.5,3227,3171,3213.5,
20090729T000000,3232.5,3245,3205,3222.5,
20090730T000000,3260,3307,3253,3263.5,
20090731T000000,3281,3298.5,3257,3276,
20090803T000000,3320.5,3357.5,3314.5,3338.5,
20090804T000000,3311.5,3339.5,3302,3334.5,
20090805T000000,3354,3358,3293,3332,
20090806T000000,3348.5,3352,3303,3319,
20090807T000000,3362.5,3390.5,3348,3361.5,
20090810T000000,3342.5,3361,3335.5,3349.5,
20090811T000000,3324,3329,3294,3317.5,
20090812T000000,3318.5,3375.5,3318.5,3353,
20090813T000000,3379.5,3391,3353.5,3385,
20090814T000000,3393,3394.5,3328.5,3367.5,
20090817T000000,3273,3279,3254,3273.5,
20090818T000000,3275.5,3312,3270.5,3300.5,
20090819T000000,3276.5,3332,3272.5,3322,
20090820T000000,3335.5,3367.5,3330,3358,
20090821T000000,3426.5,3475.5,3422,3467.5,
20090824T000000,3490.5,3512.5,3471.5,3478.5,
20090825T000000,3511,3542.5,3502.5,3517.5,
20090826T000000,3521.5,3541,3508,3525,
20090827T000000,3529.5,3542.5,3484.5,3533.5,
20090828T000000,3575,3583.5,3532.5,3551.5,
20090831T000000,3523,3527,3505.5,3525.5,
20090901T000000,3477,3525.5,3420,3427,
20090902T000000,3400.5,3438,3398,3419,
20090903T000000,3436.5,3445.5,3400,3426.5,
20090904T000000,3442.5,3483.5,3425,3475,
20090908T000000,3528.5,3529.5,3499,3519.5,
20090909T000000,3543,3573,3533,3557,
20090910T000000,3555.5,3589,3538,3586,
20090911T000000,3602.5,3615.5,3574,3585,
20090914T000000,3554.5,3603.5,3553,3602,
20090915T000000,3617.5,3627,3595.5,3619.5,
20090916T000000,3670.5,3692.5,3654.5,3687.5,
20090917T000000,3674.5,3698.5,3662.5,3679.5,
20090918T000000,3706.5,3708.5,3683.5,3700,
20090921T000000,3656.5,3681.5,3646,3679,
20090922T000000,3696,3697.5,3670.5,3685,
20090923T000000,3694.5,3710.5,3656,3661,
20090924T000000,3690.5,3697.5,3599.5,3616.5,
20090925T000000,3600.5,3623.5,3580,3591.5,
20090928T000000,3625.5,3694,3622,3684,
20090929T000000,3683.5,3703,3663,3673.5,
20090930T000000,3686,3690.5,3618,3663.5,
20091001T000000,3636.5,3637.5,3551,3557.5,
20091002T000000,3498.5,3531,3492,3504.5,
20091005T000000,3508,3557.5,3500,3549,
20091006T000000,3582.5,3630.5,3581,3617.5,
20091007T000000,3618.5,3639.5,3606,3623.5,
20091008T000000,3654,3659,3635,3639.5,
20091009T000000,3652.5,3663,3641.5,3661,
20091012T000000,3703,3714.5,3679,3688.5,
20091013T000000,3678,3685,3647.5,3676.5,
20091014T000000,3731.5,3748,3718,3742.5,
20091015T000000,3732,3762,3730,3762,
20091016T000000,3705.5,3712.5,3675,3695.5,
20091019T000000,3728.5,3751.5,3712,3743,
20091020T000000,3745.5,3747.5,3707,3728,
20091021T000000,3690,3747.5,3679.5,3682.5,
20091022T000000,3675.5,3717.5,3649,3710,
20091023T000000,3720.5,3724.5,3651,3664.5,
20091026T000000,3667.5,3698,3591,3594.5,
20091027T000000,3617.5,3626.5,3575,3583,
20091028T000000,3549.5,3564,3495,3501,
20091029T000000,3564,3593,3554.5,3586.5,
20091030T000000,3551.5,3568,3434,3441,
20091102T000000,3477.5,3524,3432.5,3470.5,
20091103T000000,3434.5,3467.5,3422,3466.5,
20091104T000000,3514.5,3540.5,3489.5,3494.5,
20091105T000000,3553,3586,3540.5,3570,
20091106T000000,3534.5,3585,3529,3579,
20091109T000000,3614.5,3660,3612,3655,
20091110T000000,3638,3660.5,3631,3655.5,
20091111T000000,3680.5,3699.5,3656,3671.5,
20091112T000000,3687.5,3701,3642.5,3651.5,
20091113T000000,3660.5,3687,3632.5,3676.5,
20091116T000000,3705.5,3739.5,3704,3715.5,
20091117T000000,3715.5,3723.5,3691,3721,
20091118T000000,3719.5,3725,3685.5,3707.5,
20091119T000000,3670,3671,3621.5,3652.5,
20091120T000000,3607.5,3625,3596,3617.5,
20091123T000000,3672.5,3700.5,3658,3661,
20091124T000000,3676.5,3677,3644.5,3664.5,
20091125T000000,3672,3688,3653,3680.5,
20091127T000000,3554,3619.5,3549.5,3572,
20091130T000000,3562,3594.5,3544,3572.5,
20091201T000000,3623.5,3660,3610.5,3645,
20091202T000000,3650.5,3683,3644.5,3666,
20091203T000000,3688,3704,3641.5,3648.5,
20091204T000000,3727,3747.5,3679.5,3710,
20091207T000000,3706.5,3725,3699,3707.5,
20091208T000000,3657,3665.5,3630,3656,
20091209T000000,3631.5,3657.5,3602.5,3637,
20091210T000000,3662.5,3675.5,3639.5,3648.5,
20091211T000000,3685.5,3694,3668,3679,
20091214T000000,3697,3708.5,3682,3703,
20091215T000000,3687.5,3721.5,3683.5,3703,
20091216T000000,3736.5,3757.5,3735,3743,
20091217T000000,3721.5,3724,3691.5,3700,
20091218T000000,3698.5,3711,3659.5,3690,
20091221T000000,3714.5,3758,3714.5,3748.5,
20091222T000000,3773,3795.5,3769,3789,
20091223T000000,3795.5,3803,3775,3801.5,
20091224T000000,3789,3789,3789,3789,
20091228T000000,3828,3830,3814,3828.5,
20091229T000000,3846.5,3853.5,3829.5,3837.5,
20091230T000000,3818,3833.5,3805.5,3823,
20091231T000000,3817.5,3817.5,3817.5,3817.5,
20100104T000000,3861,3894.5,3860,3878.5,
20100105T000000,3892,3904.5,3873,3895.5,
20100106T000000,3886.5,3899,3885.5,3893.5,
20100107T000000,3888.5,3914.5,3876,3910.5,
20100108T000000,3897.5,3937.5,3893,3932,
20100111T000000,3947.5,3948,3914.5,3936,
20100112T000000,3871,3887.5,3855.5,3878,
20100113T000000,3876.5,3908,3853.5,3898,
20100114T000000,3881.5,3906,3879,3903,
20100115T000000,3879.5,3883.5,3816.5,3838,
20100119T000000,3838.5,3908,3838.5,3901.5,
20100120T000000,3848.5,3850,3789,3832,
20100121T000000,3824,3834.5,3695.5,3710,
20100122T000000,3689,3702.5,3603.5,3612.5,
20100125T000000,3687,3695.5,3643.5,3655.5,
20100126T000000,3645,3691.5,3636.5,3659.5,
20100127T000000,3639,3674,3609.5,3669.5,
20100128T000000,3654,3655,3553,3583.5,
20100129T000000,3614,3643.5,3557,3566,
20100201T000000,3621,3649,3616.5,3632,
20100202T000000,3663.5,3705.5,3651.5,3697.5,
20100203T000000,3683.5,3700,3657.5,3679.5,
20100204T000000,3626,3628,3538,3540,
20100205T000000,3495,3507.5,3402.5,3470.5,
20100208T000000,3460.5,3491,3425,3426,
20100209T000000,3491,3547.5,3463.5,3520.5,
20100210T000000,3521.5,3532.5,3488.5,3514.5,
20100211T000000,3482,3533.5,3454.5,3527.5,
20100212T000000,3469,3500,3451.5,3494,
20100216T000000,3500,3568,3485,3562,
20100217T000000,3609.5,3622.5,3591.5,3606,
20100218T000000,3603,3641,3600,3637.5,
20100219T000000,3618.5,3651,3608,3634,
20100222T000000,3651.5,3653,3625.5,3631,
20100223T000000,3615.5,3626,3569,3584,
20100224T000000,3584,3604.5,3558,3601,
20100225T000000,3524.5,3556.5,3506.5,3555.5,
20100226T000000,3549,3592,3522.5,3582.5,
20100301T000000,3620.5,3647.5,3612.5,3639,
20100302T000000,3672,3688.5,3663,3670,
20100303T000000,3698,3725.5,3687,3694,
20100304T000000,3714.5,3725.5,3685,3709,
20100305T000000,3751,3806.5,3745.5,3798,
20100308T000000,3785.5,3794,3775.5,3785,
20100309T000000,3763.5,3802.5,3761.5,3784.5,
20100310T000000,3794,3825.5,3794,3809,
20100311T000000,3799.5,3816,3784,3816,
20100312T000000,3823,3823.5,3793,3802,
20100315T000000,3788,3795,3762,3788.5,
20100316T000000,3797.5,3826.5,3783,3816,
20100317T000000,3832,3842,3826,3832.5,
20100318T000000,3837,3839,3796.5,3822.5,
20100319T000000,3834.5,3836.5,3779,3807,
20100322T000000,3743.5,3813,3743.5,3808.5,
20100323T000000,3824,3846,3802.5,3845,
20100324T000000,3806,3828.5,3792,3824.5,
20100325T000000,3868.5,3883.5,3845,3848.5,
20100326T000000,3860,3878.5,3846,3857,
20100329T000000,3850.5,3876.5,3848,3871.5,
20100330T000000,3875.5,3888,3852.5,3871.5,
20100331T000000,3833.5,3858,3816.5,3850,
20100401T000000,3907,3916,3888.5,3899,
20100405T000000,3899,3899,3899,3899,
20100406T000000,3911,3938.5,3907,3932.5,
20100407T000000,3907.5,3914,3877,3892.5,
20100408T000000,3844.5,3883,3831.5,3880,
20100409T000000,3899.5,3926.5,3896.5,3921,
20100412T000000,3916.5,3932,3911,3929.5,
20100413T000000,3925.5,3928.5,3893.5,3918,
20100414T000000,3932.5,3948,3923.5,3945.5,
20100415T000000,3939,3959,3931.5,3942,
20100416T000000,3931,3942,3847,3868,
20100419T000000,3837.5,3866,3827,3864,
20100420T000000,3901.5,3907.5,3883.5,3905,
20100421T000000,3872.5,3884.5,3838,3858,
20100422T000000,3797.5,3836.5,3779.5,3826.5,
20100423T000000,3826,3849.5,3811,3848,
20100426T000000,3871.5,3881,3850.5,3851,
20100427T000000,3787.5,3820,3669.5,3684,
20100428T000000,3692.5,3710,3624.5,3662,
20100429T000000,3701.5,3733,3693,3713,
20100430T000000,3701,3710,3648,3649.5,
20100503T000000,3693,3740,3692.5,3723,
20100504T000000,3639,3640.5,3565,3588,
20100505T000000,3525.5,3567.5,3511,3534,
20100506T000000,3518.5,3537,3133.5,3357,
20100507T000000,3383.5,3415.5,3258.5,3305.5,
20100510T000000,3583.5,3641,3576.5,3625,
20100511T000000,3560,3655,3556.5,3598.5,
20100512T000000,3643.5,3678.5,3633.5,3656,
20100513T000000,3632.5,3660.5,3605.5,3612.5,
20100514T000000,3562.5,3571,3463.5,3494,
20100517T000000,3500,3510,3421,3500.5,
20100518T000000,3549,3562.5,3457.5,3473.5,
20100519T000000,3473.5,3496.5,3427.5,3479.5,
20100520T000000,3362,3387,3307,3334,
20100521T000000,3295,3412.5,3287.5,3398.5,
20100524T000000,3383,3404,3344,3347,
20100525T000000,3255.5,3346.5,3237,3345,
20100526T000000,3362.5,3399,3302,3309.5,
20100527T000000,3450.5,3513,3437,3511,
20100528T000000,3492.5,3506,3433.5,3462.5,
20100601T000000,3417.5,3491,3403.5,3407.5,
20100602T000000,3426.5,3521.5,3417,3519.5,
20100603T000000,3541.5,3550,3497.5,3537.5,
20100604T000000,3427.5,3447.5,3358.5,3379,
20100607T000000,3407.5,3417.5,3343,3345,
20100608T000000,3341,3390.5,3312,3387,
20100609T000000,3387,3421.5,3345,3360,
20100610T000000,3468,3509.5,3454.5,3499.5,
20100611T000000,3490.5,3547,3488,3544,
20100614T000000,3595,3610,3561,3564.5,
20100615T000000,3632.5,3685.5,3621,3681.5,
20100616T000000,3640,3682,3629,3674,
20100617T000000,3683.5,3685,3640,3674,
20100618T000000,3653,3676.5,3646.5,3669.5,
20100621T000000,3723,3725,3651.5,3667,
20100622T000000,3680.5,3695,3618.5,3633,
20100623T000000,3646.5,3661,3603.5,3634.5,
20100624T000000,3586,3589.5,3521,3537,
20100625T000000,3508.5,3530.5,3482.5,3523,
20100628T000000,3532.5,3565.5,3501,3525,
20100629T000000,3455.5,3457,3384.5,3401.5,
20100630T000000,3390.5,3430,3366.5,3372,
20100701T000000,3368,3377.5,3301,3349,
20100702T000000,3357.5,3369,3301.5,3327,
20100706T000000,3425.5,3440,3348,3379,
20100707T000000,3413.5,3513.5,3408,3508,
20100708T000000,3524,3551.5,3505,3551,
20100709T000000,3532.5,3570,3526.5,3565.5,
20100712T000000,3548,3576,3536,3563.5,
20100713T000000,3615,3626.5,3602.5,3619,
20100714T000000,3588,3622,3577,3609,
20100715T000000,3613,3614.5,3550.5,3589,
20100716T000000,3535.5,3536,3455,3466,
20100719T000000,3503,3517.5,3458.5,3493.5,
20100720T000000,3413,3498,3412,3493,
20100721T000000,3510.5,3512.5,3427.5,3441,
20100722T000000,3538,3590,3538,3580,
20100723T000000,3579,3616,3561.5,3613,
20100726T000000,3588,3626.5,3577.5,3623.5,
20100727T000000,3673.5,3677,3634,3647,
20100728T000000,3648.5,3663.5,3631,3639.5,
20100729T000000,3680,3703,3593,3628,
20100730T000000,3598,3662,3588,3630,
20100802T000000,3714.5,3748.5,3704,3741,
20100803T000000,3714,3736,3694.5,3723,
20100804T000000,3729.5,3763,3726.5,3753,
20100805T000000,3753,3765,3739.5,3758,
20100806T000000,3702,3737,3677.5,3737,
20100809T000000,3757.5,3774,3742,3767,
20100810T000000,3718,3744.5,3690,3736,
20100811T000000,3638.5,3639,3597,3608,
20100812T000000,3569,3610,3568,3603,
20100813T000000,3582,3609,3580,3586,
20100816T000000,3549,3592.5,3543,3584.5,
20100817T000000,3628,3652,3609,3632.5,
20100818T000000,3638.5,3655.5,3610.5,3633.5,
20100819T000000,3613,3621.5,3533.5,3552.5,
20100820T000000,3519,3524,3496.5,3517.5,
20100823T000000,3539,3565.5,3522.5,3524,
20100824T000000,3475,3483,3437,3463.5,
20100825T000000,3418,3465.5,3388.5,3459,
20100826T000000,3462.5,3472.5,3417,3425.5,
20100827T000000,3478.5,3513.5,3413.5,3509.5,
20100830T000000,3473.5,3486,3447,3448,
20100831T000000,3439.5,3483.5,3428,3459,
20100901T000000,3538,3614,3537,3593.5,
20100902T000000,3616,3636,3608.5,3635,
20100903T000000,3681.5,3695,3644.5,3669.5,
20100907T000000,3628,3636,3606,3620,
20100908T000000,3648.5,3674.5,3645.5,3650.5,
20100909T000000,3714,3716.5,3675,3688.5,
20100910T000000,3708.5,3719.5,3701.5,3707.5,
20100913T000000,3757,3768.5,3732,3752,
20100914T000000,3754,3772,3732.5,3751.5,
20100915T000000,3733.5,3759,3724.5,3756,
20100916T000000,3725.5,3742.5,3713.5,3739,
20100917T000000,3725.5,3735,3690.5,3710.5,
20100920T000000,3733,3798,3722.5,3789.5,
20100921T000000,3805,3805,3753.5,3770,
20100922T000000,3744,3762.5,3715.5,3731,
20100923T000000,3659.5,3703.5,3652.5,3675,
20100924T000000,3738,3782.5,3734,3778,
20100927T000000,3767.5,3771.5,3748,3753,
20100928T000000,3758.5,3764.5,3702.5,3759.5,
20100929T000000,3732.5,3746,3711,3723.5,
20100930T000000,3739,3770.5,3678.5,3701,
20101001T000000,3714.5,3719,3657,3687,
20101004T000000,3649.5,3669.5,3614,3636.5,
20101005T000000,3700,3741,3691,3731.5,
20101006T000000,3751,3763,3730.5,3743.5,
20101007T000000,3772.5,3774.5,3734,3754,
20101008T000000,3744,3768.5,3729.5,3760.5,
20101011T000000,3751.5,3763,3743.5,3753.5,
20101012T000000,3731.5,3757.5,3702,3750,
20101013T000000,3798,3829.5,3789,3802,
20101014T000000,3812,3814.5,3784,3798.5,
20101015T000000,3819.5,3821,3783,3818,
20101018T000000,3812.5,3840,3803,3831,
20101019T000000,3792.5,3807,3759.5,3781,
20101020T000000,3798.5,3827.5,3794,3816.5,
20101021T000000,3849.5,3876,3818.5,3841,
20101022T000000,3867.5,3873,3848.5,3853,
20101025T000000,3864,3880,3840,3844,
20101026T000000,3812.5,3848,3803.5,3847.5,
20101027T000000,3826,3842.5,3792.5,3822,
20101028T000000,3840.5,3844,3803.5,3828,
20101029T000000,3828.5,3843.5,3809,3823.5,
20101101T000000,3812,3839.5,3784.5,3806.5,
20101102T000000,3856,3863,3841.5,3850.5,
20101103T000000,3858.5,3863,3811,3849,
20101104T000000,3901,3916.5,3890.5,3912.5,
20101105T000000,3909.5,3922.5,3893,3908,
20101108T000000,3892,3912,3881.5,3908,
20101109T000000,3931.5,3946,3895,3905,
20101110T000000,3909.5,3912.5,3858,3900,
20101111T000000,3849.5,3878,3836.5,3871,
20101112T000000,3835.5,3858,3803.5,3820,
20101115T000000,3869.5,3879.5,3851,3851.5,
20101116T000000,3807.5,3811,3748.5,3764.5,
20101117T000000,3783,3802,3776,3792.5,
20101118T000000,3844.5,3877,3844.5,3868,
20101119T000000,3842,3877.5,3828,3877.5,
20101122T000000,3827,3844.5,3792,3834,
20101123T000000,3751,3763,3724.5,3737.5,
20101124T000000,3742.5,3769,3741,3768,
20101126T000000,3715,3741.5,3712,3727,
20101129T000000,3668.5,3680.5,3624.5,3669.5,
20101130T000000,3602,3641.5,3594,3624,
20101201T000000,3664.5,3692.5,3659.5,3689.5,
20101202T000000,3674.5,3763.5,3673.5,3760.5,
20101203T000000,3740.5,3770,3738,3765.5,
20101206T000000,3756.5,3766.5,3744,3751,
20101207T000000,3833.5,3835.5,3800,3801.5,
20101208T000000,3840.5,3861,3828,3843.5,
20101209T000000,3863.5,3872.5,3849,3868.5,
20101210T000000,3863.5,3880,3851.5,3878.5,
20101213T000000,3903,3913,3891.5,3898.5,
20101214T000000,3896.5,3911,3890.5,3900,
20101215T000000,3881,3896.5,3868,3875.5,
20101216T000000,3871.5,3902,3864.5,3899.5,
20101217T000000,3880,3885.5,3866,3881,
20101220T000000,3912,3914,3885,3892,
20101221T000000,3928,3940,3922,3929,
20101222T000000,3933.5,3935,3920.5,3930,
20101223T000000,3906,3917.5,3900.5,3913,
20101227T000000,3846.5,3875.5,3845.5,3873,
20101228T000000,3873,3874.5,3853.5,3867,
20101229T000000,3901.5,3907.5,3885,3885,
20101230T000000,3853.5,3871.5,3841,3852,
20101231T000000,3826.5,3826.5,3826.5,3826.5,
