20060612T000000,117.29,117.36,115.65,115.82,
20060613T000000,114.72,115.06,113.72,113.79,
20060614T000000,114.32,114.86,113.76,114.69,
20060615T000000,115.33,115.71,114.91,115.26,
20060616T000000,115,115.61,114.26,115.33,
20060619T000000,114.84,114.84,113.81,114.53,
20060620T000000,114.95,115.26,113.91,114.26,
20060621T000000,114.42,115.81,113.86,115.44,
20060622T000000,115.67,116.15,115.11,116.15,
20060623T000000,115.49,116.37,115.41,115.93,
20060626T000000,115.71,116.96,115.46,116.81,
20060627T000000,117.29,117.56,116.65,117.09,
20060628T000000,117.07,117.83,116.66,117.46,
20060629T000000,117.4,118.75,117.36,118.69,
20060630T000000,118.62,119.21,118.57,118.94,
20060703T000000,119.37,119.52,118.96,119.05,
20060705T000000,118.98,120.41,118.91,120.18,
20060706T000000,119.94,120.41,119.36,119.96,
20060707T000000,120.57,120.64,118.79,118.85,
20060710T000000,118.54,119.01,117.96,118.52,
20060711T000000,119.34,119.66,119.01,119.08,
20060712T000000,119.51,120.2,118.86,120.2,
20060713T000000,120.81,122.11,120.77,122.02,
20060714T000000,122.85,123.01,121.81,121.86,
20060717T000000,121.31,121.81,120.21,120.4,
20060718T000000,121.12,121.61,118.56,119.06,
20060719T000000,118.57,118.9,116.85,118.24,
20060720T000000,118.54,118.75,117.16,117.45,
20060721T000000,118.08,118.55,117.25,117.92,
20060724T000000,117.34,118.55,116.9,118.49,
20060725T000000,118.7,118.75,116.9,117.19,
20060726T000000,117.07,118.15,116.9,117.31,
20060727T000000,118,118.2,117.4,117.89,
20060728T000000,117.31,117.45,116.15,116.61,
20060731T000000,117.09,117.92,116.3,117.85,
20060801T000000,118.15,118.8,117.8,118.42,
20060802T000000,118.95,119.85,118.88,119.42,
20060803T000000,118.23,118.97,118,118.8,
20060804T000000,118.75,118.75,117.5,118,
20060807T000000,119.4,120.65,119.2,120.42,
20060808T000000,119.8,120.8,119.5,119.65,
20060809T000000,119.84,120.75,119.4,119.66,
20060810T000000,118.97,119.04,117.15,117.53,
20060811T000000,117.6,117.9,117.1,117.64,
20060814T000000,116.51,116.95,115.95,116.58,
20060815T000000,116.91,117.25,116.28,116.35,
20060816T000000,116.08,116.5,114.87,114.95,
20060817T000000,114.11,114.4,113.35,113.81,
20060818T000000,114.02,114.55,112.95,114.45,
20060821T000000,115.17,115.74,114.65,115.69,
20060822T000000,115.63,115.75,114.95,115.22,
20060823T000000,114.83,115.02,113.45,114.03,
20060824T000000,113.92,115.05,113.75,115.05,
20060825T000000,115.8,116.1,114.72,114.75,
20060828T000000,113.58,113.63,112.5,112.78,
20060829T000000,112.1,112.6,111.65,112.17,
20060830T000000,112.19,112.85,111,112.85,
20060831T000000,112.22,112.77,111.7,112.76,
20060901T000000,112.7,112.76,111.36,111.6,
20060905T000000,110.85,111.4,110.6,111.18,
20060906T000000,110.39,111.2,109.8,109.92,
20060907T000000,109.97,110.07,109.1,109.53,
20060908T000000,109.77,109.8,108.35,108.6,
20060911T000000,107.72,108.85,107.2,107.8,
20060912T000000,107.81,108.1,106.01,106.04,
20060913T000000,106.46,107.11,105.85,106.52,
20060914T000000,106.41,106.63,105.35,105.72,
20060915T000000,105.26,105.95,104.4,105.7,
20060918T000000,106,106.8,105.2,106.1,
20060919T000000,106.36,106.84,103.74,103.8,
20060920T000000,103.15,103.89,102.3,102.45,
20060921T000000,102.69,103.44,102.38,103.39,
20060922T000000,103.6,103.77,101.88,101.98,
20060925T000000,101.62,103.84,101.37,103.09,
20060926T000000,102.92,103.69,102.29,102.89,
20060927T000000,103.28,104.79,101.79,104.66,
20060928T000000,104.73,105.69,104.08,104.14,
20060929T000000,104.02,104.79,103.14,104.61,
20061002T000000,104.15,104.46,102.53,102.64,
20061003T000000,101.91,101.95,100.18,100.4,
20061004T000000,100.71,101.44,99.44,101.12,
20061005T000000,102.54,102.57,101.09,101.74,
20061006T000000,101.54,101.86,100.53,101.6,
20061009T000000,102.2,102.99,101.52,101.7,
20061010T000000,101.07,101.34,100.09,100.37,
20061011T000000,100.36,100.79,99.13,99.13,
20061012T000000,99.31,100.12,98.99,99.97,
20061013T000000,100.44,101.15,100.14,100.37,
20061016T000000,100.2,101.69,99.79,101.66,
20061017T000000,101.9,101.94,100.32,100.63,
20061018T000000,100.41,101.22,99,99.41,
20061019T000000,99.71,100.92,99.17,100.53,
20061020T000000,100.75,100.77,99.07,99.35,
20061023T000000,98.39,98.95,98.09,98.89,
20061024T000000,98.49,99.67,98.48,99.39,
20061025T000000,99.51,101.56,99.37,101.56,
20061026T000000,101.51,101.67,100.06,100.26,
20061027T000000,100.58,100.97,99.89,100.72,
20061030T000000,99.72,99.77,98.19,98.36,
20061031T000000,97.76,98.78,97.02,98.59,
20061101T000000,98.54,99.4,97.77,98.59,
20061102T000000,98.1,98.93,97.57,97.83,
20061103T000000,98.39,99.32,98.3,99.15,
20061106T000000,99.03,100.53,99,100.07,
20061107T000000,99.99,100.14,98.86,99.06,
20061108T000000,99.19,100.27,99.07,99.95,
20061109T000000,100.7,101.3,100.47,101.01,
20061110T000000,100.67,100.69,99.42,99.59,
20061113T000000,98.85,99.17,98.22,98.49,
20061114T000000,98.74,99.09,98.12,98.35,
20061115T000000,98.57,99.37,98.45,98.67,
20061116T000000,99.13,99.43,96.33,96.43,
20061117T000000,96.31,97.06,96.18,96.99,
20061120T000000,96.45,97,96,96.96,
20061121T000000,97.3,98.41,97.01,98.12,
20061122T000000,98.15,98.38,96.38,97.3,
20061124T000000,97.77,98.2,97.7,97.93,
20061127T000000,97.65,98.47,97.6,98.38,
20061128T000000,98.76,99.23,98.38,98.96,
20061129T000000,99.37,100.58,99.22,100.41,
20061130T000000,100.9,101.8,100.73,100.98,
20061201T000000,100.65,101.67,100.34,101.66,
20061204T000000,100.88,100.94,99.93,100.45,
20061205T000000,100.97,101.25,99.56,100.57,
20061206T000000,100.25,101.04,99.87,100.3,
20061207T000000,99.99,100.69,99.58,100.65,
20061208T000000,101.45,101.68,99.98,100.15,
20061211T000000,99.48,100.18,99.08,99.29,
20061212T000000,99.61,100.04,98.68,98.97,
20061213T000000,99.02,99.88,98.85,99.53,
20061214T000000,100.15,100.78,100.01,100.54,
20061215T000000,100.86,101.53,100.31,101.32,
20061218T000000,100.86,100.89,99.98,100.21,
20061219T000000,99.78,101.36,99.78,100.69,
20061220T000000,101.04,101.51,100.62,100.96,
20061221T000000,100.83,100.86,99.66,100.15,
20061222T000000,100.22,100.3,99.46,99.79,
20061226T000000,100,100.04,97.86,98.46,
20061227T000000,98.24,98.52,97.61,97.76,
20061228T000000,97.96,98.21,97.41,97.82,
20061229T000000,97.46,98.53,97.31,98.3,
20070103T000000,97.44,97.48,95.08,95.51,
20070104T000000,94.41,94.89,92.84,93.04,
20070105T000000,93.07,93.73,92.43,93.53,
20070108T000000,94.83,95.08,92.48,93.45,
20070109T000000,91.74,93.56,91.58,93.17,
20070110T000000,92.44,92.47,90.82,90.87,
20070111T000000,90.82,92.09,89.16,89.24,
20070112T000000,89.22,90.47,88.92,90.24,
20070116T000000,89.4,89.77,87.89,88.67,
20070117T000000,88.12,89.72,87.94,89.62,
20070118T000000,89.68,90.1,87.56,88.26,
20070119T000000,88.56,89.92,88.55,89.86,
20070122T000000,90.26,91.1,88.52,89.13,
20070123T000000,89.77,91.58,89.52,91.3,
20070124T000000,91.02,91.9,90.11,91.74,
20070125T000000,91.93,92.32,90.56,90.72,
20070126T000000,91.17,91.99,91.13,91.95,
20070129T000000,91.52,91.85,90.25,90.39,
20070130T000000,90.72,93.5,90.72,93.27,
20070131T000000,93.04,94.65,92.21,94.41,
20070201T000000,94.29,95.32,93.55,93.76,
20070202T000000,94.24,95.7,93.55,95.69,
20070205T000000,95.92,96.4,94.91,95.29,
20070206T000000,95.95,96.17,94.95,95.56,
20070207T000000,95.82,96.3,93.7,94.17,
20070208T000000,94.49,96.32,93.95,96,
20070209T000000,96.31,97.25,95.85,96.19,
20070212T000000,95.29,95.55,93.83,94.16,
20070213T000000,94.55,96.05,94.48,95.39,
20070214T000000,95.14,95.71,93.96,94.45,
20070215T000000,94.43,94.65,93.07,94.37,
20070216T000000,94.83,95.83,94.59,95.63,
20070220T000000,94.16,94.82,93.7,94.68,
20070221T000000,94.89,96.55,94.2,96.04,
20070222T000000,96.09,97.17,95.64,96.66,
20070223T000000,97.34,97.72,96.45,96.84,
20070226T000000,97.29,97.66,96.6,97.39,
20070227T000000,96.38,98.16,96.22,96.24,
20070228T000000,97.12,97.97,96.22,97.69,
20070301T000000,97.38,98.32,96.72,97.77,
20070302T000000,98.07,98.24,97.27,97.34,
20070305T000000,96.21,96.67,95.47,95.8,
20070306T000000,96.52,96.67,95.87,96.6,
20070307T000000,96.89,97.97,96.64,97.75,
20070308T000000,98.08,98.1,97.12,97.57,
20070309T000000,97.44,97.49,95.87,95.9,
20070312T000000,95.27,95.57,94.53,94.85,
20070313T000000,95.29,95.84,93.69,93.97,
20070314T000000,94.1,94.35,93.22,94.17,
20070315T000000,94.28,94.39,93.32,93.42,
20070316T000000,93.87,94.53,92.38,93.11,
20070319T000000,93.24,93.88,92.88,93.45,
20070320T000000,93.32,93.68,92.68,93.13,
20070321T000000,93.07,93.61,92.73,93.55,
20070322T000000,94.48,95.33,94.31,95.28,
20070323T000000,95.65,96.18,95.37,95.76,
20070326T000000,96.68,96.83,95.91,96.48,
20070327T000000,96.01,96.62,95.77,96.55,
20070328T000000,97.74,98.46,97.19,97.56,
20070329T000000,98.23,99.98,98.01,99.47,
20070330T000000,99.29,100.2,99.04,99.2,
20070402T000000,99.48,100.22,98.8,99.26,
20070403T000000,98.65,98.78,97.49,98.03,
20070404T000000,97.59,98.2,97.09,97.91,
20070405T000000,98.39,98.43,97.13,97.48,
20070409T000000,97.37,97.51,94.89,95.27,
20070410T000000,95.14,95.81,95.14,95.42,
20070411T000000,95.26,96.09,95.06,95.53,
20070412T000000,96.47,97.44,96.14,97.31,
20070413T000000,97.54,97.88,96.94,96.98,
20070416T000000,97.07,97.58,96.08,97.17,
20070417T000000,97.79,98.03,96.58,96.76,
20070418T000000,96.39,96.83,95.69,96.59,
20070419T000000,96.17,96.24,95.23,95.39,
20070420T000000,95.51,96.46,95.34,96.36,
20070423T000000,96.38,98.15,96.26,97.92,
20070424T000000,98,98.49,96.3,96.78,
20070425T000000,97.17,98.11,96.81,98.01,
20070426T000000,97.55,98.59,97.01,97.46,
20070427T000000,97.08,98.84,96.95,98.61,
20070430T000000,98.3,98.78,97.72,97.79,
20070501T000000,97.62,98.34,96.4,96.67,
20070502T000000,96.37,96.54,95.24,95.7,
20070503T000000,95.41,95.73,94.93,95.4,
20070504T000000,95.5,95.55,93.75,93.97,
20070507T000000,93.42,93.95,93.04,93.78,
20070508T000000,93.79,94.77,93.4,94.44,
20070509T000000,94.41,94.64,92.87,93.76,
20070510T000000,94.51,94.59,93.57,94.06,
20070511T000000,94.33,94.7,93.89,94.57,
20070514T000000,94.89,95.23,94.33,94.69,
20070515T000000,94.48,95.49,94.39,95.27,
20070516T000000,94.74,94.97,94.09,94.69,
20070517T000000,94.97,97.28,94.88,97.21,
20070518T000000,97.12,97.61,96.84,97.01,
20070521T000000,97.13,98.27,96.45,97.97,
20070522T000000,97.4,97.77,96.57,96.77,
20070523T000000,96.65,97.32,96.22,97.02,
20070524T000000,96.84,96.96,94.99,95.53,
20070525T000000,96.17,96.42,95.38,96.32,
20070529T000000,95.15,95.37,93.71,94.55,
20070530T000000,94.46,95.04,94.37,94.55,
20070531T000000,94.4,95.4,93.6,95.3,
20070601T000000,95.48,96.42,95.29,96.07,
20070604T000000,96.06,97.65,96.06,97.25,
20070605T000000,96.79,97.36,96.4,96.78,
20070606T000000,96.81,97.44,96.38,97.12,
20070607T000000,97.15,98.59,97.12,97.87,
20070608T000000,96.97,97.55,95.73,95.8,
20070611T000000,96.26,97.24,95.83,97,
20070612T000000,96.86,96.87,96.04,96.46,
20070613T000000,96.45,97.65,96.07,97.23,
20070614T000000,98.1,99.06,97.98,98.83,
20070615T000000,98.9,99.46,98.59,99.23,
20070618T000000,99.11,100.32,98.76,100.15,
20070619T000000,99.79,100.61,99.54,100.02,
20070620T000000,99.87,100.24,98.29,99.33,
20070621T000000,100.4,100.42,98.92,99.24,
20070622T000000,99.75,100.14,99.28,99.74,
20070625T000000,98.3,100.09,98.2,99.75,
20070626T000000,99.21,99.31,98.24,98.56,
20070627T000000,98.09,100,97.73,99.64,
20070628T000000,100.69,101.16,100.14,100.27,
20070629T000000,100.98,101.7,100.64,101.09,
20070702T000000,100.69,101.85,100.21,101.78,
20070703T000000,101.48,102.09,101.34,102.04,
20070705T000000,102.8,102.98,101.45,102.4,
20070706T000000,103.27,103.58,102.85,103.28,
20070709T000000,103.34,103.64,102.45,102.69,
20070710T000000,102.62,103.72,102.49,103.29,
20070711T000000,103.01,103.69,102.72,103.14,
20070712T000000,103.9,104.44,102.56,103.24,
20070713T000000,103.88,104.64,103.87,104.59,
20070716T000000,104.61,105.12,104.29,104.85,
20070717T000000,105.45,105.99,104.19,104.77,
20070718T000000,105.06,105.92,104.74,105.79,
20070719T000000,106.12,106.53,105.27,106.5,
20070720T000000,106.41,106.67,105.78,106.2,
20070723T000000,105.2,105.48,104.82,105.42,
20070724T000000,104.03,104.35,103.29,103.8,
20070725T000000,104.31,106.67,103.68,106.62,
20070726T000000,107.48,107.52,104.99,105.23,
20070727T000000,105.98,107.5,105.61,107.39,
20070730T000000,107.41,107.71,106.43,107.1,
20070731T000000,107.57,108.66,107.33,108.33,
20070801T000000,108.2,109.15,106.47,107.11,
20070802T000000,107.05,107.82,106.64,107.33,
20070803T000000,107.27,107.31,105.42,105.61,
20070806T000000,104.29,104.3,101.98,102.5,
20070807T000000,102.16,103,101.52,102.77,
20070808T000000,102.45,103.55,102.29,102.6,
20070809T000000,101.28,102.59,101.09,101.96,
20070810T000000,100.8,102.05,100.55,101.99,
20070813T000000,102.88,103.57,101.5,101.97,
20070814T000000,102.68,102.88,101.74,102.78,
20070815T000000,103.29,104.61,102.77,103.66,
20070816T000000,102.19,102.33,100.49,101.8,
20070817T000000,102.47,102.75,101.78,102.19,
20070820T000000,101.33,101.61,100.47,101.48,
20070821T000000,101.25,102.09,99.44,100.14,
20070822T000000,100.47,100.84,99.17,99.93,
20070823T000000,100.28,100.54,99.57,100.44,
20070824T000000,100.66,101.89,100.66,101.7,
20070827T000000,101.25,102.68,100.74,102.59,
20070828T000000,102.53,102.79,101.74,102.1,
20070829T000000,102.78,104.18,102.76,104.1,
20070830T000000,103.78,104.3,103.29,104.05,
20070831T000000,104.78,104.95,104.14,104.44,
20070904T000000,104.64,105.77,104.62,105.62,
20070905T000000,105.41,106.46,105.29,106.44,
20070906T000000,107.27,107.97,105.87,106.95,
20070907T000000,106.8,107.54,106.17,107.23,
20070910T000000,106.38,109.01,106.21,108.58,
20070911T000000,108.11,108.91,107.46,108.74,
20070912T000000,109.01,110.72,109,110.24,
20070913T000000,109.95,110.74,109.73,110.42,
20070914T000000,110.15,110.9,109.29,109.66,
20070917T000000,109.62,111.21,109.53,111.07,
20070918T000000,110.98,112.92,110.77,112.64,
20070919T000000,112.6,113,111.59,112.39,
20070920T000000,112.52,113.73,112.1,113.55,
20070921T000000,113.71,114.15,112.36,113.06,
20070924T000000,112.81,113.4,112.18,112.3,
20070925T000000,111.4,111.78,110.77,111.34,
20070926T000000,112.22,112.63,110.25,112.3,
20070927T000000,113.47,114.9,113.08,114.71,
20070928T000000,115.2,115.57,113.2,113.48,
20071001T000000,112.93,113.16,111.26,111.93,
20071002T000000,111.32,112.11,110.68,112.05,
20071003T000000,112.3,112.69,111.38,111.58,
20071004T000000,111.15,113.56,110.72,113.31,
20071005T000000,112.66,113.39,112.32,112.87,
20071008T000000,111.76,111.99,110.16,110.84,
20071009T000000,110.98,112.91,110.96,111.96,
20071010T000000,112.05,113.16,111.53,113.09,
20071011T000000,113.89,115.48,113.74,114.64,
20071012T000000,114.74,115.8,114.57,115.55,
20071015T000000,116.8,118.1,116.48,118.07,
20071016T000000,118.44,119.96,118.12,119.23,
20071017T000000,119.56,120.69,118.72,118.99,
20071018T000000,119.98,121.59,119.71,121.34,
20071019T000000,120.52,120.81,119.5,119.89,
20071022T000000,119.28,120.21,118.36,119.06,
20071023T000000,119.78,119.79,118.06,118.45,
20071024T000000,118.35,121.03,118.25,120.83,
20071025T000000,121.7,123.76,121.36,123.67,
20071026T000000,125.02,125.17,123.8,125.07,
20071029T000000,125.58,126.94,124.9,126.78,
20071030T000000,125.57,125.71,122.92,123.04,
20071031T000000,124.81,127.98,124.23,127.73,
20071101T000000,127.59,127.6,125.3,126.43,
20071102T000000,127.61,129.27,127.16,129.18,
20071105T000000,127.32,129.36,127.07,127.9,
20071106T000000,129.38,130.31,128.94,130.07,
20071107T000000,130.85,131.46,127.86,129.11,
20071108T000000,130.77,130.91,128.36,128.8,
20071109T000000,128.72,129.92,128.14,129.4,
20071112T000000,127.25,128.36,126.78,126.95,
20071113T000000,126.74,127.09,123.37,124.66,
20071114T000000,125.86,127.61,125.7,127.06,
20071115T000000,126.44,126.9,124.97,126.68,
20071116T000000,128.15,128.83,127.63,128.46,
20071119T000000,128.74,129.39,127.63,129.22,
20071120T000000,130.27,133.09,129.93,132.82,
20071121T000000,132.96,133.17,130.78,131.6,
20071123T000000,131.53,132.94,131.43,132.72,
20071126T000000,132.08,132.75,130.97,131.55,
20071127T000000,129.48,129.9,128.68,128.91,
20071128T000000,129.27,129.54,124.8,125.98,
20071129T000000,126.24,127.8,124.9,125.57,
20071130T000000,123.76,125.49,122.92,123.31,
20071203T000000,122.43,124.46,121.61,124.27,
20071204T000000,122.64,122.99,121.81,122.83,
20071205T000000,124.09,124.79,121.29,121.89,
20071206T000000,121.7,125.2,121.54,124.88,
20071207T000000,123.28,123.45,121.54,122.84,
20071210T000000,123.75,124.27,121.56,122.44,
20071211T000000,123.45,125.02,123.03,123.71,
20071212T000000,125.48,129.32,125.32,128.24,
20071213T000000,127.65,128.22,126.33,126.96,
20071214T000000,125.83,126.75,125.07,125.82,
20071217T000000,124.93,125.43,124.07,125.41,
20071218T000000,127.08,127.12,123.35,124.48,
20071219T000000,124.82,126.54,124.5,125.51,
20071220T000000,125.4,126.45,124.94,125.44,
20071221T000000,126.12,128.04,125.8,127.58,
20071224T000000,127.25,128.43,126.7,128.2,
20071226T000000,129.93,130.74,129.51,130.17,
20071227T000000,130.66,131.99,130.25,130.94,
20071228T000000,131.37,132.12,130.07,130.3,
20071231T000000,130.7,130.96,128.93,130.34,
20080102T000000,132.35,134.01,131.97,133.49,
20080103T000000,133.54,134.29,132.65,133.38,
20080104T000000,132.53,132.73,131.3,132.01,
20080107T000000,131.69,131.7,128.67,129.65,
20080108T000000,131.21,131.74,130.34,130.44,
20080109T000000,130.13,132.17,129.62,129.8,
20080110T000000,127.97,129.01,127.46,128.4,
20080111T000000,127.31,127.94,126.51,126.9,
20080114T000000,128.18,128.56,127.24,128.36,
20080115T000000,126.43,126.62,125.18,126.21,
20080116T000000,125.56,125.56,123.46,125.18,
20080117T000000,125.94,126.36,123.77,124.18,
20080118T000000,125.04,125.48,123.99,124.66,
20080122T000000,122.39,124.4,121.98,123.87,
20080123T000000,122.37,123.16,121.41,122.58,
20080124T000000,122.64,124.51,121.77,124.13,
20080125T000000,125.58,126.14,124.43,125.59,
20080128T000000,124.32,126.12,123.54,125.85,
20080129T000000,125.4,126.66,125.09,126.61,
20080130T000000,126.93,127.32,126,126.71,
20080131T000000,125.27,127.06,124.34,126.11,
20080201T000000,125.64,125.84,123.22,123.57,
20080204T000000,124,125.59,123.42,124.68,
20080205T000000,123.12,123.7,122.29,122.98,
20080206T000000,123.58,123.6,121.42,121.82,
20080207T000000,121.26,123.09,121.19,123.01,
20080208T000000,123.92,126.74,123.88,126.46,
20080211T000000,126.25,129.48,125.68,128.4,
20080212T000000,127.71,128.91,127.05,127.32,
20080213T000000,127.07,128.65,126.67,127.99,
20080214T000000,129.01,130.35,128.83,130.01,
20080215T000000,131.18,131.43,129.42,130.4,
20080219T000000,133.13,134.65,132.35,133.95,
20080220T000000,133.28,135.66,132.79,134.61,
20080221T000000,133.69,134.74,131.67,132.3,
20080222T000000,133.64,134.13,132.08,133.86,
20080225T000000,133.4,134.47,132.55,134.01,
20080226T000000,133.81,135.95,133.59,135.89,
20080227T000000,135.46,136.09,134.23,134.28,
20080228T000000,135.45,137.77,135.11,137.27,
20080229T000000,137.02,137.46,136.16,136.52,
20080303T000000,138.02,138.75,136.32,137.16,
20080304T000000,137.78,138.13,133.67,134.87,
20080305T000000,136.21,139.75,135.99,139.38,
20080306T000000,139,140.5,137.65,140.25,
20080307T000000,139.74,141.34,138.71,140.43,
20080310T000000,139.35,143.01,138.88,142.71,
20080311T000000,142.7,143.87,141.41,143.54,
20080312T000000,143.77,145,141.89,144.75,
20080313T000000,144.83,145.78,143.56,144.94,
20080314T000000,144.69,145.72,143.64,144.85,
20080317T000000,141.08,143.59,138.03,140.85,
20080318T000000,142.22,145.15,141.45,144,
20080319T000000,141.87,142.72,138.4,138.87,
20080320T000000,135.72,138.59,135.6,137.8,
20080324T000000,137.66,138.67,136.2,136.82,
20080325T000000,137.19,138.11,135.38,137.84,
20080326T000000,138.64,142.61,138.63,142.31,
20080327T000000,142.44,144.47,141.96,143.46,
20080328T000000,142.39,142.43,140.96,141.37,
20080331T000000,142.06,143.03,136.5,137.95,
20080401T000000,136.14,138.8,135.85,137.23,
20080402T000000,137.06,141.35,136.09,141,
20080403T000000,139.79,142.69,139.46,140.55,
20080404T000000,141.72,142.6,140.97,142.45,
20080407T000000,144.41,145.73,144.28,145.14,
20080408T000000,144.93,145.6,143.89,145.14,
20080409T000000,144.86,148.46,144.82,147.01,
20080410T000000,147.35,147.44,145,146.37,
20080411T000000,145.61,146.69,145.17,146.56,
20080414T000000,147.09,148.24,146.55,148.15,
20080415T000000,149.76,150.33,149.36,150.15,
20080416T000000,149.99,151.32,148.44,151.15,
20080417T000000,151.05,151.64,150.39,151.17,
20080418T000000,149.65,153.18,149.48,153.05,
20080421T000000,152.75,153.73,151.8,153.72,
20080422T000000,153.03,155.77,152.95,154.95,
20080423T000000,153.94,155.35,153.24,155.06,
20080424T000000,152.68,154.58,151.04,152.75,
20080425T000000,154.71,156.34,154.21,155.47,
20080428T000000,155.79,156.28,155.02,155.56,
20080429T000000,153.41,154.19,151.76,152.09,
20080430T000000,152.99,153.44,150.09,151.68,
20080501T000000,149.47,149.81,147.09,149.11,
20080502T000000,149.9,153.28,149.86,153.12,
20080505T000000,154.98,157.15,154.88,156.85,
20080506T000000,157.11,159.52,157.09,158.66,
20080507T000000,158.6,160.68,157.33,160.62,
20080508T000000,160.13,161.4,158.37,161.24,
20080509T000000,162.43,163.04,161.26,162.98,
20080512T000000,161.43,163.19,160.61,160.71,
20080513T000000,160.71,163.77,160.64,162.59,
20080514T000000,162.04,162.49,160.56,160.67,
20080515T000000,163.08,163.17,157.54,160.99,
20080516T000000,164.28,164.42,162.34,163.49,
20080519T000000,163.58,164.25,162.1,163.95,
20080520T000000,165.39,166.29,165.05,165.98,
20080521T000000,166.25,170.82,165.6,170.74,
20080522T000000,170.16,170.87,167.07,167.54,
20080523T000000,170.36,170.71,167.16,168.84,
20080527T000000,167.14,167.86,165.18,165.63,
20080528T000000,164.24,168.58,163.58,167.83,
20080529T000000,165.93,170.12,163.11,163.35,
20080530T000000,164.53,165.29,162.1,164.52,
20080602T000000,162.89,166.35,162.59,164.65,
20080603T000000,163.22,163.8,160.87,161.32,
20080604T000000,160.36,162.08,158.84,159.06,
20080605T000000,160.7,165.38,159.6,165.21,
20080606T000000,171.05,176.12,169.61,174.88,
20080609T000000,172.81,174.74,170,171.61,
20080610T000000,172.72,174.35,167.8,168.67,
20080611T000000,171.02,175.3,170.38,173.67,
20080612T000000,169.93,174.46,168.55,173.81,
20080613T000000,171.09,172.72,170.46,171.71,
20080616T000000,175.6,175.76,169.84,170.97,
20080617T000000,170.12,172.23,169.96,170.65,
20080618T000000,170.87,173.88,168.82,173.33,
20080619T000000,173.47,173.47,168.63,168.92,
20080620T000000,172.15,174.01,170.7,171.27,
20080623T000000,171.73,174.65,171.66,173.67,
20080624T000000,172.93,174.55,172.41,173.49,
20080625T000000,172.78,172.96,168.46,170.98,
20080626T000000,174.15,176.9,173.47,176.19,
20080627T000000,177.15,179.5,176.26,177.12,
20080630T000000,178.76,179,175.68,177,
20080701T000000,179.47,179.84,176.66,177.91,
20080702T000000,177.09,180.83,176.52,180.59,
20080703T000000,180.78,181.95,179.73,181.85,
20080707T000000,177.64,179.95,176.03,178.31,
20080708T000000,174.2,174.48,171.65,172.4,
20080709T000000,173.6,174.55,171.85,172.16,
20080710T000000,174.26,178.61,173.01,177.83,
20080711T000000,183.59,183.78,179.43,181.42,
20080714T000000,181.7,182.88,180.52,181.69,
20080715T000000,182.03,182.41,172.43,175.25,
20080716T000000,174.27,174.85,168.61,170.97,
20080717T000000,170.89,173.26,165.51,166.31,
20080718T000000,166.8,168.06,164.74,165.13,
20080721T000000,166.39,168.69,165.06,168.23,
20080722T000000,166.23,166.63,162.31,164.3,
20080723T000000,163.01,164.64,160.06,160.15,
20080724T000000,161.1,162.38,159.46,161.48,
20080725T000000,160.38,160.51,158.44,159.3,
20080728T000000,159.78,160.83,158.57,160.7,
20080729T000000,159.92,159.99,156.36,157.79,
20080730T000000,157.88,163.32,156.74,162.74,
20080731T000000,162.73,162.74,158.65,160.09,
20080801T000000,159.52,164.54,159.36,161.09,
20080804T000000,160.1,161.62,155.44,157.04,
20080805T000000,155.78,157.17,154.21,154.59,
20080806T000000,155.39,156.42,153.05,154.4,
20080807T000000,156.58,157.02,153.85,155.84,
20080808T000000,153.96,154.28,150.56,150.99,
20080811T000000,151.61,151.9,148.66,150.39,
20080812T000000,150.88,151.01,148.25,149.01,
20080813T000000,149.49,153.4,149.35,152.38,
20080814T000000,151.31,152.82,148.53,150.86,
20080815T000000,149.23,150.02,147.28,149.63,
20080818T000000,150.56,151.13,147.94,148.88,
20080819T000000,148.65,152.63,147.86,150.91,
20080820T000000,151.89,152.93,148.53,152.23,
20080821T000000,155.81,157.97,154.63,157.43,
20080822T000000,155.77,155.78,150.11,150.66,
20080825T000000,150.61,151.53,149.61,151.12,
20080826T000000,152.49,153.82,150.93,152.13,
20080827T000000,154.84,155.37,152.73,154.25,
20080828T000000,156.09,156.14,150.01,151.58,
20080829T000000,154.13,154.21,150.93,151.57,
20080831T000000,151.85,154.18,151.85,152.89,
20080902T000000,143.54,146.45,143.45,146.15,
20080903T000000,144,145.47,143.15,145.29,
20080904T000000,145.25,145.57,142.45,143.73,
20080905T000000,143.47,143.88,141.06,142.36,
20080908T000000,144.09,144.46,140.63,142.17,
20080909T000000,140.29,140.83,137.67,138.03,
20080910T000000,139.8,140.89,137.29,138.94,
20080911T000000,138.87,138.92,136.11,136.83,
20080912T000000,137.84,138.82,135.96,136.58,
20080914T000000,136.93,137.12,134.39,135.1,
20080915T000000,131.49,133.92,130.11,130.53,
20080916T000000,127.54,129.89,126.44,129.18,
20080917T000000,129.38,133.38,127.29,132.33,
20080918T000000,134.99,136.43,131.81,134.49,
20080919T000000,138.64,139.49,134.68,138.73,
20080922T000000,141.61,146.69,141.6,144.8,
20080923T000000,145.5,145.82,140.29,143.13,
20080924T000000,145.18,145.74,141.04,141.5,
20080925T000000,140.68,144.91,140.5,143.85,
20080926T000000,141.01,143.72,140.77,143.28,
20080929T000000,137.62,138.14,131.28,131.76,
20080930T000000,134.33,138.07,133.72,138.04,
20081001T000000,134.87,137.19,132.21,134.83,
20081002T000000,132.83,133.07,129.8,130.15,
20081003T000000,128.63,132.27,128.54,129.34,
20081006T000000,127.2,128.19,123.8,125.28,
20081007T000000,127.41,128.15,124.11,126,
20081008T000000,124.14,126.56,122.49,124.84,
20081009T000000,125.15,125.61,120.43,121.06,
20081010T000000,115.81,119.34,113.33,116.94,
20081013T000000,118.01,118.22,116.04,118.12,
20081014T000000,118.94,119.48,114.55,115.36,
20081015T000000,111.88,112.71,110.09,110.09,
20081016T000000,109.64,110.37,104.81,108.29,
20081017T000000,106.66,110.29,106.13,108.17,
20081020T000000,109.44,112.03,107.75,111.19,
20081021T000000,108.06,108.53,106.1,107.61,
20081022T000000,104.77,104.94,101.99,102.71,
20081023T000000,103.5,105.2,102.59,105.02,
20081024T000000,98.49,101.26,98.44,100.48,
20081027T000000,98.64,101.56,97.89,97.94,
20081028T000000,100.3,100.79,97.4,100.61,
20081029T000000,102.14,105.03,101.59,103.88,
20081030T000000,103.56,103.97,99.83,101.75,
20081031T000000,100.54,104.39,99.25,103.54,
20081103T000000,101.5,103.08,99.42,100.03,
20081104T000000,102.09,107.56,101.59,105.8,
20081105T000000,103.99,105.26,100.79,101.32,
20081106T000000,99.36,99.76,95.95,96.86,
20081107T000000,97.35,98.33,96.19,96.91,
20081110T000000,100.24,100.89,94.89,98.05,
20081111T000000,96.54,96.54,94.11,94.39,
20081112T000000,93.44,93.8,91.41,91.52,
20081113T000000,92.61,95.45,90.76,95.14,
20081114T000000,92.58,94.14,91.48,92.15,
20081117T000000,92.62,94.77,90.51,90.82,
20081118T000000,91.23,91.75,89.75,90.58,
20081119T000000,90.65,91.17,88.78,88.97,
20081120T000000,86.83,87.66,84.05,84.36,
20081121T000000,85.82,86.1,83.76,85.92,
20081124T000000,86.77,90.72,85.62,89.76,
20081125T000000,88.2,88.39,85.94,86.41,
20081126T000000,87.77,90.39,85.99,89.95,
20081128T000000,88.25,88.62,86.54,87.17,
20081201T000000,86.12,86.84,84.47,84.65,
20081202T000000,85.4,85.67,82.24,83.03,
20081203T000000,82.24,83.41,81.68,82.27,
20081204T000000,81.32,82.56,78.78,79.16,
20081205T000000,78.26,78.81,75.92,77.01,
20081208T000000,78.85,80.12,77.97,79.52,
20081209T000000,78.81,79.74,77.25,77.6,
20081210T000000,79.61,81.59,77.31,78.94,
20081211T000000,81.12,84.54,80.89,82.75,
20081212T000000,79.25,82.82,78.98,82.06,
20081215T000000,84.61,85.01,79.52,80.37,
20081216T000000,80.99,81.95,77.98,79.47,
20081217T000000,79.09,80.37,76.72,77.32,
20081218T000000,76.46,76.63,73.83,74.77,
20081219T000000,74.01,75.53,73.65,75.09,
20081222T000000,74.91,75.31,72.02,72.13,
20081223T000000,72.33,72.62,70.07,71.27,
20081224T000000,69.89,70.42,67.41,67.93,
20081226T000000,68.28,70.31,68.24,70.13,
20081229T000000,71.79,72.52,69.81,72.52,
20081230T000000,71.08,72.18,70.21,71.47,
20081231T000000,70.16,77.82,70.15,74.95,
20090102T000000,76.32,79.02,75.81,78.56,
20090105T000000,78.77,81.56,78.46,80.73,
20090106T000000,82.14,82.71,80.16,80.85,
20090107T000000,80.11,80.16,74.69,75.01,
20090108T000000,74.32,74.96,72.82,74.6,
20090109T000000,72.9,73.46,71.66,72.77,
20090112T000000,70.8,71.23,69.76,69.96,
20090113T000000,69.87,71.78,69.09,70.97,
20090114T000000,70.19,70.48,67.8,69.72,
20090115T000000,69.26,69.28,66.31,68.28,
20090116T000000,69.43,69.78,67.43,67.83,
20090120T000000,66.66,69.19,65.75,66.36,
20090121T000000,66.73,69.6,66.12,69.53,
20090122T000000,67.36,69.23,65.81,68.4,
20090123T000000,67.24,72.4,66.8,71.12,
20090126T000000,71.48,73.99,70.93,71.21,
20090127T000000,69.57,69.83,66.81,67.2,
20090128T000000,67.09,69,66,67.64,
20090129T000000,66.27,67.72,66.01,66.98,
20090130T000000,68.07,68.35,66.5,67.09,
20090202T000000,65.79,67.4,65.37,65.83,
20090203T000000,65.36,66.57,65.33,66.43,
20090204T000000,67.12,67.3,65.14,65.7,
20090205T000000,65.57,66.65,64.86,66.26,
20090206T000000,64.24,68.08,64.23,65.41,
20090209T000000,67.07,67.83,64.83,65.25,
20090210T000000,66.95,67.02,62.77,63.37,
20090211T000000,63.21,63.78,61.05,61.42,
20090212T000000,60.29,61.49,58.95,60.08,
20090213T000000,60.46,63.65,59.92,63.25,
20090217T000000,60.59,60.83,59.13,59.18,
20090218T000000,59.34,59.51,58.12,58.21,
20090219T000000,59.83,61.17,58.02,60.55,
20090220T000000,58.9,61.03,58.8,60.7,
20090223T000000,61.7,61.73,58.77,59,
20090224T000000,59.83,61.03,58.8,60.84,
20090225T000000,61.7,63.73,60.58,63.31,
20090226T000000,64.79,66.2,64.56,65.24,
20090227T000000,64.11,65.81,63.45,65.16,
20090302T000000,62.66,62.99,60.74,60.94,
20090303T000000,62.49,62.69,60.45,62.23,
20090304T000000,64.98,66.66,64.53,66.05,
20090305T000000,65.6,65.74,63.76,64.54,
20090306T000000,65.92,67.2,64.62,66.94,
20090309T000000,66.9,69.73,66.9,68.02,
20090310T000000,68.84,69.22,66.23,66.59,
20090311T000000,65.64,66.7,62.98,63.81,
20090312T000000,63.94,68.12,63.92,67.73,
20090313T000000,67.88,68.9,66.5,66.75,
20090316T000000,65.63,68.53,65.05,67.92,
20090317T000000,68.53,70.72,68.22,69.75,
20090318T000000,69.64,70.61,67.72,70.1,
20090319T000000,72.03,72.43,70.86,71.48,
20090320T000000,71.41,72.73,71.15,72.07,
20090323T000000,71.83,74.06,71.65,73.83,
20090324T000000,72.67,74.07,72.46,73.57,
20090325T000000,72.45,74.19,71.87,72.84,
20090326T000000,74.32,74.45,73.18,74.1,
20090327T000000,72.45,72.68,71.65,72.12,
20090330T000000,70.26,70.5,68.12,68.56,
20090331T000000,68.49,69.91,67.78,69.02,
20090401T000000,67.57,68.53,67.27,68.32,
20090402T000000,72.02,72.88,71.36,72.46,
20090403T000000,72,72.64,71.03,72.45,
20090406T000000,70.65,71.99,69.82,71.36,
20090407T000000,69.52,70.06,68.9,69.06,
20090408T000000,68.21,71.31,67.85,70.09,
20090409T000000,72.17,72.46,70.76,72.11,
20090413T000000,69.11,71.8,68.85,69.91,
20090414T000000,69.92,70.81,68.86,69.37,
20090415T000000,69.73,70.31,68.92,69.79,
20090416T000000,69.97,70.15,69.12,70.02,
20090417T000000,70.95,70.97,69.97,70.28,
20090420T000000,67.25,67.5,66.1,66.17,
20090421T000000,64.7,67.14,64.7,66.54,
20090422T000000,66.25,66.94,65.67,66.55,
20090423T000000,67.3,67.59,66.37,67.47,
20090424T000000,69.14,69.6,68.68,69.42,
20090427T000000,66.23,69.01,66.18,68.01,
20090428T000000,66.67,67.96,66.67,67.49,
20090429T000000,68.4,69.27,68.17,68.79,
20090430T000000,68.31,69.34,68.21,68.78,
20090501T000000,69.75,71.5,69.63,70.64,
20090504T000000,71.29,72.49,71.23,72.38,
20090505T000000,72.07,72.4,71.35,71.71,
20090506T000000,73.26,74.32,72.78,74.1,
20090507T000000,76.21,76.42,73.31,74.2,
20090508T000000,75.69,76.54,75.05,76.41,
20090511T000000,75.77,76.48,75.24,76.01,
20090512T000000,77.15,77.23,75.97,76.61,
20090513T000000,76.56,77.74,75.26,75.76,
20090514T000000,75.39,76.85,74.91,76.34,
20090515T000000,75.53,76.44,73.92,74.38,
20090518T000000,75.91,77.13,75.66,76.86,
20090519T000000,77.14,77.63,76.14,77.21,
20090520T000000,78.46,79.47,78.35,79,
20090521T000000,77.78,78.7,77.13,78.29,
20090522T000000,78.37,78.95,77.71,78.76,
20090526T000000,77,79.71,76.93,79.56,
20090527T000000,80.41,81.03,79.47,80.29,
20090528T000000,81.12,82.65,80.87,81.95,
20090529T000000,83.56,83.71,82.38,83.64,
20090601T000000,84.77,85.89,84.41,85.38,
20090602T000000,85.03,86.26,84.71,85.94,
20090603T000000,85.16,85.28,82.16,83.53,
20090604T000000,85.14,86.81,84.72,85.89,
20090605T000000,86.06,86.67,84.75,85.68,
20090608T000000,85.48,86.16,84.96,85.93,
20090609T000000,86.82,87.39,86.07,87.12,
20090610T000000,88.23,89,87.75,88.58,
20090611T000000,89.31,90.44,89.05,89.56,
20090612T000000,88.83,89.76,88.63,89.43,
20090615T000000,88.62,88.65,86.79,87.72,
20090616T000000,89.46,89.62,87.01,87.73,
20090617T000000,87.14,88.38,86.21,88.07,
20090618T000000,87.81,88.96,87.43,88.46,
20090619T000000,88.89,89.25,86.07,86.78,
20090622T000000,85.03,85.05,83.34,83.87,
20090623T000000,84.46,86.35,83.56,85.92,
20090624T000000,85.57,86.53,85.05,85.26,
20090625T000000,86.09,87.6,85.73,87,
20090626T000000,86.69,86.8,85.48,86.08,
20090629T000000,87.06,88.59,87.02,88.15,
20090630T000000,87.83,88.34,85.57,86.74,
20090701T000000,88.21,88.52,85.19,85.92,
20090702T000000,83.69,83.85,83.17,83.35,
20090706T000000,80.7,81.49,80.36,81.05,
20090707T000000,80.46,80.64,79.03,79.22,
20090708T000000,78.82,78.87,76.68,76.9,
20090709T000000,77.36,77.48,75.92,77.14,
20090710T000000,75.93,76.86,75.48,76.53,
20090713T000000,75.92,76.74,74.99,76.57,
20090714T000000,77.64,77.81,75.82,75.96,
20090715T000000,77.51,78.67,76.94,78.51,
20090716T000000,77.21,78.85,77.18,78.65,
20090717T000000,79.27,80.66,79.23,80.01,
20090720T000000,80.89,81.3,79.97,81.12,
20090721T000000,82.03,82.14,80.28,81.41,
20090722T000000,79.6,81.43,79.42,80.99,
20090723T000000,80.19,83.15,80.13,82.57,
20090724T000000,82.76,83.86,82.29,83.72,
20090727T000000,83.9,84.24,83.26,83.98,
20090728T000000,82.88,83.44,82.14,82.95,
20090729T000000,81.31,81.4,78.36,78.63,
20090730T000000,80.22,82.95,79.67,82.32,
20090731T000000,81.73,85.4,81.62,84.71,
20090803T000000,86.97,87.86,86.68,87,
20090804T000000,86.59,87.57,86.17,87.07,
20090805T000000,87.08,87.76,85.37,87.49,
20090806T000000,87.17,87.94,85.84,87.57,
20090807T000000,87.47,88.05,86.04,86.27,
20090810T000000,86.94,87.23,85.89,86.62,
20090811T000000,85.58,85.79,84.37,85.03,
20090812T000000,85.39,86.79,85.37,85.88,
20090813T000000,86.64,87.2,85.71,86.73,
20090814T000000,86.26,86.32,82.78,83.31,
20090817T000000,81.66,82.53,80.89,82.44,
20090818T000000,81.89,85.19,81.88,84.75,
20090819T000000,83.84,87.96,83.78,87.22,
20090820T000000,86.99,87.44,86.18,86.4,
20090821T000000,87.65,88.37,86.82,87.48,
20090824T000000,88.18,88.46,87.5,87.72,
20090825T000000,87.99,88.61,84.76,85.45,
20090826T000000,84.63,85.4,84.32,85.11,
20090827T000000,84.25,86.5,83.48,86.36,
20090828T000000,86.91,87.17,85.43,86.42,
20090831T000000,84.27,84.4,82.78,83.32,
20090901T000000,83.57,85.02,81.65,81.88,
20090902T000000,81.35,82.35,80.7,81.72,
20090903T000000,82.17,82.51,81.31,81.78,
20090904T000000,81.18,82.06,80.88,81.44,
20090908T000000,84.13,85.44,83.42,84.91,
20090909T000000,85.21,86.17,84.65,85.04,
20090910T000000,84.93,86.09,84.51,85.84,
20090911T000000,86.25,86.39,82.47,82.9,
20090914T000000,82.31,83.16,82.1,82.54,
20090915T000000,83.12,84.84,82.22,84.53,
20090916T000000,84.69,86.21,84.17,85.91,
20090917T000000,85.69,86.81,85.63,86.15,
20090918T000000,86.1,86.28,85.22,85.39,
20090921T000000,83.4,83.55,82.48,82.95,
20090922T000000,84.87,85.24,84.17,85.05,
20090923T000000,84.73,84.75,81.25,81.57,
20090924T000000,81.05,81.21,78.81,79.2,
20090925T000000,79.07,80.3,78.69,79.27,
20090928T000000,79.28,80.75,79.21,80.28,
20090929T000000,79.66,80.51,79.08,79.82,
20090930T000000,80.49,83.93,79.43,83.56,
20091001T000000,83.78,84.3,82.34,83.61,
20091002T000000,82.18,83.52,82.04,82.9,
20091005T000000,82.15,84.16,81.26,83.54,
20091006T000000,84.2,85.18,83.72,84.25,
20091007T000000,84.38,84.68,82.09,83.07,
20091008T000000,82.58,85.76,82.46,84.58,
20091009T000000,84.91,85.56,84.09,85.5,
20091012T000000,86.77,87.05,86.24,86.31,
20091013T000000,87.02,87.53,86.24,87.38,
20091014T000000,88.1,88.61,87.64,88.21,
20091015T000000,88.65,91.18,88.19,90.73,
20091016T000000,90.68,91.96,90.03,91.81,
20091019T000000,91.48,92.76,91.28,92.34,
20091020T000000,92.61,92.63,91.03,91.82,
20091021T000000,91.17,94.7,91.06,93.74,
20091022T000000,93.49,94.03,92.57,93.93,
20091023T000000,93.96,94.09,92.53,92.65,
20091026T000000,93.48,94.29,90.68,91.37,
20091027T000000,91.51,92.49,90.52,92,
20091028T000000,91.51,91.85,89.86,89.88,
20091029T000000,91.25,93.17,91.06,92.71,
20091030T000000,91.99,92.31,89.56,89.76,
20091102T000000,89.66,91.37,89.37,90.81,
20091103T000000,89.74,92.48,89.57,92.18,
20091104T000000,92.95,93.77,92.18,93.03,
20091105T000000,92.7,93.19,92.05,92.48,
20091106T000000,90.76,91.67,89.42,90.38,
20091109T000000,91.65,92.9,91.54,92,
20091110T000000,92.46,93.22,90.6,91.86,
20091111T000000,92.49,92.81,91.28,91.97,
20091112T000000,91.04,91.43,89.23,89.42,
20091113T000000,88.95,89.88,88.28,89.16,
20091116T000000,89.58,92.14,89.51,91.58,
20091117T000000,91.25,92.44,91.03,91.84,
20091118T000000,92.58,93.04,91.38,92.41,
20091119T000000,92.05,92.08,89.81,90.44,
20091120T000000,89.23,90.13,89.01,89.92,
20091123T000000,91.45,92.12,89.35,89.88,
20091124T000000,89.53,89.53,87.8,88.33,
20091125T000000,88.18,90.29,87.7,89.98,
20091127T000000,85.85,88.5,85.75,88.17,
20091130T000000,87.46,90.2,87.34,89.39,
20091201T000000,90.83,91.24,90.26,90.4,
20091202T000000,90.18,90.23,88.42,88.77,
20091203T000000,88.4,89.36,87.74,88.19,
20091204T000000,89.73,89.99,87.05,87.94,
20091207T000000,86.39,87.34,85.9,86.16,
20091208T000000,85.31,85.59,84.71,84.78,
20091209T000000,85.09,85.76,82.33,83.02,
20091210T000000,83.27,83.59,82.01,82.69,
20091211T000000,82.5,82.65,81.66,81.85,
20091214T000000,81.86,82.42,81.6,81.82,
20091215T000000,82.47,83.35,82.29,83,
20091216T000000,83.31,85.75,83.27,84.85,
20091217T000000,84.61,84.93,83.39,84.34,
20091218T000000,85.75,85.96,84.03,84.88,
20091221T000000,85.34,85.67,83.65,83.83,
20091222T000000,83.92,85.39,83.2,84.53,
20091223T000000,85.81,87.48,85.72,87.06,
20091224T000000,87.21,88.73,87.19,88.23,
20091228T000000,89.41,89.6,89.03,89.18,
20091229T000000,89.66,89.67,88.5,89.2,
20091230T000000,89.43,90.28,88.94,89.81,
20091231T000000,90.33,90.48,89.7,90.05,
20100104T000000,91.61,92.16,91.29,92.04,
20100105T000000,92.08,92.48,91.43,92.34,
20100106T000000,92.24,94,91.33,93.61,
20100107T000000,93.37,93.78,92.95,93.13,
20100108T000000,92.86,93.95,92.46,93.38,
20100111T000000,93.79,94.01,92.53,92.8,
20100112T000000,91.83,92.45,90.72,91.04,
20100113T000000,90.45,91.15,88.85,90.15,
20100114T000000,90.26,90.49,89.4,89.66,
20100115T000000,89.59,89.7,88.18,88.43,
20100119T000000,87.75,89.58,87.69,89.41,
20100120T000000,88.1,88.35,87.38,87.51,
20100121T000000,88.07,88.47,85.77,86.13,
20100122T000000,85.7,85.76,84.21,84.34,
20100125T000000,84.58,85.53,84.4,85.22,
20100126T000000,84.28,85.25,84.08,84.62,
20100127T000000,84.69,85.07,82.76,83.79,
20100128T000000,84.19,84.28,83.04,83.82,
20100129T000000,84.33,84.61,82.54,82.84,
20100201T000000,83.58,85.07,83.09,85.03,
20100202T000000,85.27,87.5,85.14,87.4,
20100203T000000,87.39,88.02,86.63,87.03,
20100204T000000,85.9,85.91,82.53,83.18,
20100205T000000,83.52,83.68,79.61,81.91,
20100208T000000,81.66,82.29,80.89,81.79,
20100209T000000,82.63,84.26,82.19,84.11,
20100210T000000,83.76,85.08,82.71,84.61,
20100211T000000,84.77,85.8,83.49,85.24,
20100212T000000,83.87,84.4,82.77,84.31,
20100216T000000,86.09,87.39,85.83,87.24,
20100217T000000,87.08,87.66,86.64,87.51,
20100218T000000,88.59,89.4,87.75,89.34,
20100219T000000,89.13,89.98,88.65,89.94,
20100222T000000,90.11,90.3,89.39,89.84,
20100223T000000,89.06,89.22,87.96,88.48,
20100224T000000,88.71,89.96,88.18,89.9,
20100225T000000,87.44,88.13,86.79,88.07,
20100226T000000,88.48,89.79,88.35,89.45,
20100301T000000,89.93,90.13,87.8,88.49,
20100302T000000,88.97,90.69,88.91,89.45,
20100303T000000,90.01,90.97,89.21,90.69,
20100304T000000,89.96,90.44,89.45,90.2,
20100305T000000,91.12,91.81,91.02,91.49,
20100308T000000,91.91,91.98,90.49,91.48,
20100309T000000,90.54,91.65,90.48,91.09,
20100310T000000,91.02,92.77,90.55,91.66,
20100311T000000,91.6,92.04,91.22,91.99,
20100312T000000,92.29,92.45,90.31,90.95,
20100315T000000,90.18,90.19,88.87,89.62,
20100316T000000,90.61,91.78,90.41,91.56,
20100317T000000,92.35,92.83,91.51,92.46,
20100318T000000,92.14,92.44,91.42,91.74,
20100319T000000,91.64,91.88,89.55,90.35,
20100322T000000,88.56,91.17,88.44,91.09,
20100323T000000,90.69,91.61,90.38,91.32,
20100324T000000,89.81,90.42,89.29,89.8,
20100325T000000,90.58,90.89,89.63,89.76,
20100326T000000,90.14,90.14,88.95,89.56,
20100329T000000,90.56,92.19,90.51,91.83,
20100330T000000,91.71,92.06,91.18,91.81,
20100331T000000,92.82,93.26,91.77,92.74,
20100401T000000,94.08,94.63,93.94,94.5,
20100405T000000,95.13,96.31,94.92,96.13,
20100406T000000,96.09,96.5,95.74,96.2,
20100407T000000,96.08,96.26,94.93,95.08,
20100408T000000,94.22,95.29,93.79,94.91,
20100409T000000,95.16,95.47,93.53,94.37,
20100412T000000,94.03,94.89,93.54,93.65,
20100413T000000,93.19,93.83,91.92,93.4,
20100414T000000,94.1,95.8,93.65,95.37,
20100415T000000,95.5,95.65,94.68,94.89,
20100416T000000,93.58,94.14,92.09,92.61,
20100419T000000,90.69,91.58,90.68,91.52,
20100420T000000,91.78,92.7,91.67,92.06,
20100421T000000,92.24,92.64,91.1,91.92,
20100422T000000,90.76,92.11,89.91,91.86,
20100423T000000,91.41,93.37,91.1,93.27,
20100426T000000,93.08,93.36,91.91,91.99,
20100427T000000,91.6,92.51,89.97,90.03,
20100428T000000,90.89,91.57,90,91.53,
20100429T000000,92.72,93.64,92.7,93.54,
20100430T000000,94.32,94.68,93.34,94.15,
20100503T000000,94.06,95.33,94.06,94.25,
20100504T000000,92.77,92.77,90.73,90.77,
20100505T000000,87.72,89.84,87.59,87.8,
20100506T000000,87.1,87.93,82.77,85.07,
20100507T000000,84.54,85.08,82.69,83.47,
20100510T000000,85.47,86.05,84.12,85.53,
20100511T000000,84.89,85.86,83.95,84.1,
20100512T000000,84.45,85.18,82.93,83.58,
20100513T000000,82.42,84.63,81.8,82.08,
20100514T000000,81.72,81.96,79.02,80.12,
20100517T000000,79.41,79.64,77.45,78.72,
20100518T000000,80.11,80.28,77.21,77.84,
20100519T000000,77.42,78.22,76.15,77.96,
20100520T000000,75.54,76.24,73.89,75.14,
20100521T000000,74.38,76.27,74.04,75.18,
20100524T000000,75.56,75.86,74.88,75.12,
20100525T000000,72.46,74.49,72.36,74.4,
20100526T000000,75.17,76.74,75.15,75.84,
20100527T000000,78.08,79.79,77.78,79.71,
20100528T000000,79.46,80.19,78.17,79.13,
20100601T000000,78.34,80.37,77.17,77.27,
20100602T000000,77.66,78.97,77.32,78.42,
20100603T000000,78.29,79.97,77.36,79.65,
20100604T000000,78.15,78.58,75.83,76.13,
20100607T000000,76.57,77.53,75.68,75.99,
20100608T000000,76.78,77.44,76.09,77.21,
20100609T000000,79.02,80,78.74,78.95,
20100610T000000,80.59,81.34,80.07,80.93,
20100611T000000,79.13,80.23,78.3,79.22,
20100614T000000,80.65,81.02,79.23,80.11,
20100615T000000,80.82,82.2,80.61,82.06,
20100616T000000,81.66,83.17,81.26,82.62,
20100617T000000,82.57,82.65,81.21,81.58,
20100618T000000,81.21,82.32,80.95,82.2,
20100621T000000,83.46,83.61,81.49,82.12,
20100622T000000,82.19,82.67,81.32,81.36,
20100623T000000,80.42,80.57,78.94,79.61,
20100624T000000,79.98,80.34,79.09,80.11,
20100625T000000,81.23,82.9,80.78,82.83,
20100628T000000,82.06,82.14,81.49,81.78,
20100629T000000,79.6,79.74,78.98,79.35,
20100630T000000,79.53,80.31,78.16,79.16,
20100701T000000,78.27,78.36,75.82,76.51,
20100702T000000,76.72,77.04,75.39,76.04,
20100706T000000,77.03,77.63,75.25,75.93,
20100707T000000,76.65,78.33,76.62,78.19,
20100708T000000,79.09,79.77,78.15,79.65,
20100709T000000,79.29,80.25,78.92,79.98,
20100712T000000,79.4,79.85,78.29,78.64,
20100713T000000,80.35,81.14,80.35,80.99,
20100714T000000,80.48,81.92,80.17,80.6,
20100715T000000,80.77,80.79,79.1,80.51,
20100716T000000,80.13,80.17,79.02,79.63,
20100719T000000,80.38,81.5,79.35,80.26,
20100720T000000,79.63,81.3,79.45,81.17,
20100721T000000,81.77,81.84,79.6,79.89,
20100722T000000,81.34,82.82,81.26,82.43,
20100723T000000,82.06,82.79,81.84,82.39,
20100726T000000,82.22,82.73,81.98,82.37,
20100727T000000,82.7,82.7,80.19,80.81,
20100728T000000,80.28,80.74,79.3,80.23,
20100729T000000,80.62,82.29,80.6,81.65,
20100730T000000,80.48,82.45,80.25,82.34,
20100802T000000,84.21,85.17,84.04,84.9,
20100803T000000,85.37,86.04,84.78,85.79,
20100804T000000,85.87,86.37,85.18,85.83,
20100805T000000,85.03,85.73,84.96,85.45,
20100806T000000,84.35,85.54,83.44,84.34,
20100809T000000,84.59,85.04,84.11,84.89,
20100810T000000,83.21,84.11,82.6,83.56,
20100811T000000,82.53,82.56,80.82,80.88,
20100812T000000,79.68,80.63,78.92,79.15,
20100813T000000,79.05,79.53,78.41,78.94,
20100816T000000,78.45,78.92,78.26,78.55,
20100817T000000,79.47,80.03,78.85,79.08,
20100818T000000,78.11,79.06,77.2,78.6,
20100819T000000,78.63,78.71,77.33,77.72,
20100820T000000,77.16,77.3,76.45,77.1,
20100823T000000,76.95,77.49,75.76,75.93,
20100824T000000,75.02,75.39,74.33,74.44,
20100825T000000,74.45,75.81,73.77,75.78,
20100826T000000,76.03,76.99,75.7,76.25,
20100827T000000,76.39,78.46,75.05,78.43,
20100830T000000,77.42,77.92,77.18,77.32,
20100831T000000,77.26,77.74,74.54,74.74,
20100901T000000,75.93,77.49,75.85,76.99,
20100902T000000,76.54,78.15,76.25,77.96,
20100903T000000,78.05,78.34,76.21,77.35,
20100907T000000,76.72,77.64,75.64,76.73,
20100908T000000,77.26,78.4,77.16,77.58,
20100909T000000,78.62,78.97,76.89,77.01,
20100910T000000,78.57,79.74,78.19,79.48,
20100913T000000,80.64,81.05,79.92,80.15,
20100914T000000,80.11,81,79.22,79.82,
20100915T000000,78.43,79.19,78.03,78.79,
20100916T000000,78.16,78.4,77.12,77.47,
20100917T000000,77.71,77.9,75.93,76.67,
20100920T000000,76.9,78.6,76.81,78,
20100921T000000,77.66,77.85,76.56,76.77,
20100922T000000,77.44,77.7,75.67,76.53,
20100923T000000,75.85,77.44,75.64,76.72,
20100924T000000,77.41,78.51,77.32,78.4,
20100927T000000,78.88,78.89,77.35,78.09,
20100928T000000,78.02,78.95,77.47,77.92,
20100929T000000,77.9,79.96,77.43,79.69,
20100930T000000,80.9,82.01,80.22,81.68,
20101001T000000,82.9,83.52,82.28,83.43,
20101004T000000,83.76,84.21,83.12,83.49,
20101005T000000,84.16,84.82,83.71,84.46,
20101006T000000,84.63,85.92,84.25,85.1,
20101007T000000,85.8,85.81,82.83,83.25,
20101008T000000,83.57,84.96,83.36,84.67,
20101011T000000,84.03,84.58,83.68,83.76,
20101012T000000,83.95,84.05,82.89,83.53,
20101013T000000,84.54,85.28,84.35,84.82,
20101014T000000,84.66,85.75,84.04,84.57,
20101015T000000,84.54,84.71,82.58,83.32,
20101018T000000,83.51,85.1,83.23,85.01,
20101019T000000,82.62,83.38,81.11,81.37,
20101020T000000,81.46,83.73,81.42,83.53,
20101021T000000,83.04,83.62,81.24,81.8,
20101022T000000,82.45,83.22,81.78,83.18,
20101025T000000,84.09,84.42,82.6,83.47,
20101026T000000,83.19,84.03,83,83.79,
20101027T000000,82.83,83.25,81.67,83.1,
20101028T000000,83.67,83.72,82.65,83.12,
20101029T000000,82.82,83.09,81.71,82.53,
20101101T000000,84.81,84.95,83.81,84.07,
20101102T000000,85.08,85.49,84.66,85.12,
20101103T000000,85.51,86.51,84.72,86.24,
20101104T000000,87.5,87.98,86.98,87.87,
20101105T000000,87.71,88.29,87.11,88.24,
20101108T000000,87.78,88.29,87.11,88.03,
20101109T000000,88.59,88.7,86.63,87.05,
20101110T000000,88.22,89.36,87.71,89.25,
20101111T000000,88.98,89.3,88.69,88.85,
20101112T000000,87.5,87.83,85.67,85.79,
20101115T000000,86.58,86.72,85.63,85.81,
20101116T000000,84.74,84.86,83.22,83.25,
20101117T000000,83.01,83.68,81.34,81.65,
20101118T000000,82.9,83.61,82.44,83.53,
20101119T000000,82.61,82.86,81.77,82.75,
20101122T000000,82.26,82.53,81.37,82.39,
20101123T000000,81.66,82.66,81.24,82.13,
20101124T000000,82.29,84.89,82.14,84.88,
20101126T000000,84.12,84.58,83.98,84.56,
20101129T000000,85.14,86.52,84.28,86.44,
20101130T000000,85.38,86.29,84.24,84.35,
20101201T000000,86.23,87.64,85.99,87.46,
20101202T000000,87.26,88.82,87.14,88.65,
20101203T000000,88.47,90.18,88.28,90.01,
20101206T000000,89.92,90.34,89.32,89.68,
20101207T000000,90.94,90.99,88.79,88.85,
20101208T000000,89.24,89.68,88.02,89.23,
20101209T000000,89.2,89.74,88.4,89.22,
20101210T000000,89.19,89.3,87.79,88.49,
20101213T000000,89.86,90.14,88.54,88.98,
20101214T000000,88.8,89.64,88.43,89.06,
20101215T000000,88.07,89.78,88.05,89.19,
20101216T000000,89.05,89.21,88.32,88.56,
20101217T000000,88.56,89.2,88.35,88.61,
20101220T000000,88.81,89.57,87.73,89.28,
20101221T000000,89.45,89.97,89.19,89.8,
20101222T000000,90.31,90.8,90.11,90.64,
20101223T000000,90.55,91.63,90.49,91.51,
20101227T000000,90.97,91.28,90.51,90.79,
20101228T000000,91.34,91.52,90.93,91.25,
20101229T000000,91.35,91.44,91,91.07,
20101230T000000,90.16,90.45,89.02,89.36,
20101231T000000,89.13,92.06,89.05,91.4,
