20060612T000000,3.0138,3.0269,2.9489,2.9637,
20060613T000000,2.9344,2.9372,2.8964,2.8964,
20060614T000000,2.9114,2.9129,2.8829,2.9069,
20060615T000000,2.9211,2.9279,2.9019,2.9119,
20060616T000000,2.9036,2.9104,2.8804,2.9003,
20060619T000000,2.8909,2.8909,2.8549,2.8659,
20060620T000000,2.8819,2.8979,2.8649,2.8789,
20060621T000000,2.8729,2.9209,2.8589,2.9084,
20060622T000000,2.9149,2.9429,2.8989,2.9404,
20060623T000000,2.927,2.9549,2.9264,2.9364,
20060626T000000,2.9332,2.9664,2.9119,2.9459,
20060627T000000,2.9664,2.9739,2.9309,2.9389,
20060628T000000,2.9419,2.9539,2.9139,2.9272,
20060629T000000,2.9399,2.9909,2.9379,2.9794,
20060630T000000,2.9783,2.9839,2.9439,2.9635,
20060703T000000,2.9624,2.9624,2.9525,2.9525,
20060705T000000,2.9579,2.9989,2.9539,2.9889,
20060706T000000,2.9811,2.9919,2.9449,2.9779,
20060707T000000,2.9966,3.0089,2.9289,2.9339,
20060710T000000,2.92,2.9341,2.8769,2.8864,
20060711T000000,2.9239,2.9449,2.9189,2.9289,
20060712T000000,2.9374,2.9456,2.9059,2.9456,
20060713T000000,2.9766,3.0289,2.9764,3.0159,
20060714T000000,3.0344,3.0359,2.9939,2.9979,
20060717T000000,2.9944,3.0109,2.9389,2.9511,
20060718T000000,2.9735,2.9939,2.8989,2.9227,
20060719T000000,2.8999,2.9089,2.8387,2.8899,
20060720T000000,2.8934,2.8984,2.8484,2.8559,
20060721T000000,2.8759,2.8819,2.8429,2.8671,
20060724T000000,2.8544,2.8859,2.8409,2.8819,
20060725T000000,2.8884,2.8889,2.8419,2.8524,
20060726T000000,2.8509,2.8909,2.8439,2.8699,
20060727T000000,2.8929,2.9259,2.8809,2.8969,
20060728T000000,2.8844,2.8844,2.8489,2.857,
20060731T000000,2.8759,2.8899,2.8459,2.8879,
20060801T000000,2.8989,2.9309,2.8909,2.9213,
20060802T000000,2.9412,2.9815,2.9409,2.9815,
20060803T000000,2.9384,2.9589,2.9229,2.9539,
20060804T000000,2.9509,2.9559,2.9109,2.9304,
20060807T000000,2.9609,3.0109,2.9609,2.9889,
20060808T000000,2.9725,2.9999,2.9519,2.9579,
20060809T000000,2.9688,2.9944,2.9429,2.9499,
20060810T000000,2.9193,2.9209,2.8609,2.8761,
20060811T000000,2.8934,2.8939,2.8609,2.8815,
20060814T000000,2.8496,2.8619,2.8289,2.8524,
20060815T000000,2.8719,2.8809,2.8569,2.8649,
20060816T000000,2.8659,2.8814,2.8509,2.8584,
20060817T000000,2.8324,2.8459,2.8034,2.8229,
20060818T000000,2.8409,2.8469,2.8059,2.8309,
20060821T000000,2.8669,2.8809,2.8459,2.8734,
20060822T000000,2.8749,2.8979,2.8679,2.8784,
20060823T000000,2.86,2.8725,2.8205,2.8395,
20060824T000000,2.84,2.8705,2.8305,2.8705,
20060825T000000,2.8955,2.9135,2.8555,2.8645,
20060828T000000,2.831,2.831,2.7905,2.7905,
20060829T000000,2.7855,2.7955,2.7655,2.784,
20060830T000000,2.793,2.8055,2.7545,2.8045,
20060831T000000,2.79,2.8095,2.7735,2.804,
20060901T000000,2.8034,2.8045,2.7585,2.7665,
20060905T000000,2.7505,2.7655,2.7265,2.7405,
20060906T000000,2.7155,2.7395,2.7035,2.7075,
20060907T000000,2.7094,2.7128,2.6705,2.6832,
20060908T000000,2.688,2.688,2.6295,2.6405,
20060911T000000,2.6065,2.6325,2.5985,2.6025,
20060912T000000,2.6045,2.6145,2.5505,2.5575,
20060913T000000,2.5671,2.574,2.5225,2.543,
20060914T000000,2.5355,2.541,2.4905,2.5135,
20060915T000000,2.508,2.5205,2.4815,2.5063,
20060918T000000,2.5167,2.54,2.496,2.523,
20060919T000000,2.5464,2.5575,2.483,2.491,
20060920T000000,2.4744,2.4885,2.4395,2.4465,
20060921T000000,2.45,2.478,2.4475,2.4765,
20060922T000000,2.4773,2.479,2.4285,2.435,
20060925T000000,2.424,2.476,2.424,2.4491,
20060926T000000,2.4482,2.4737,2.433,2.454,
20060927T000000,2.4625,2.5095,2.428,2.505,
20060928T000000,2.5075,2.5395,2.498,2.5004,
20060929T000000,2.482,2.508,2.461,2.5045,
20061002T000000,2.4965,2.502,2.4455,2.4455,
20061003T000000,2.434,2.434,2.393,2.4002,
20061004T000000,2.4129,2.428,2.384,2.423,
20061005T000000,2.4662,2.471,2.426,2.4415,
20061006T000000,2.435,2.451,2.409,2.445,
20061009T000000,2.472,2.513,2.47,2.476,
20061010T000000,2.4545,2.459,2.427,2.4324,
20061011T000000,2.447,2.453,2.416,2.418,
20061012T000000,2.426,2.4528,2.418,2.4497,
20061013T000000,2.465,2.492,2.463,2.468,
20061016T000000,2.4722,2.506,2.457,2.504,
20061017T000000,2.5228,2.529,2.4754,2.486,
20061018T000000,2.4833,2.516,2.4357,2.4458,
20061019T000000,2.4535,2.473,2.416,2.4615,
20061020T000000,2.463,2.463,2.42,2.4315,
20061023T000000,2.4105,2.427,2.401,2.4223,
20061024T000000,2.4162,2.458,2.415,2.4449,
20061025T000000,2.4573,2.4945,2.4559,2.4877,
20061026T000000,2.492,2.4951,2.4457,2.4505,
20061027T000000,2.4549,2.4593,2.431,2.451,
20061030T000000,2.4176,2.4181,2.372,2.3759,
20061031T000000,2.3662,2.3831,2.346,2.379,
20061101T000000,2.377,2.3837,2.3418,2.3604,
20061102T000000,2.3477,2.3745,2.3359,2.3492,
20061103T000000,2.3687,2.4,2.367,2.3905,
20061106T000000,2.3982,2.449,2.397,2.434,
20061107T000000,2.428,2.4298,2.39,2.3965,
20061108T000000,2.3948,2.437,2.3948,2.4255,
20061109T000000,2.4533,2.469,2.439,2.4546,
20061110T000000,2.4451,2.447,2.406,2.4108,
20061113T000000,2.3885,2.392,2.362,2.371,
20061114T000000,2.3855,2.3955,2.371,2.3777,
20061115T000000,2.3854,2.419,2.3854,2.4057,
20061116T000000,2.4311,2.445,2.3683,2.3705,
20061117T000000,2.3665,2.3901,2.358,2.382,
20061120T000000,2.3739,2.387,2.353,2.3845,
20061121T000000,2.403,2.451,2.4,2.441,
20061122T000000,2.4358,2.4478,2.3798,2.3938,
20061124T000000,2.4135,2.423,2.4093,2.4138,
20061127T000000,2.4063,2.4328,2.4018,2.4243,
20061128T000000,2.436,2.4508,2.4288,2.4439,
20061129T000000,2.4528,2.5058,2.4503,2.4998,
20061130T000000,2.5196,2.5393,2.5073,2.5161,
20061201T000000,2.4978,2.5224,2.4868,2.5224,
20061204T000000,2.4958,2.4973,2.4694,2.4757,
20061205T000000,2.4882,2.4903,2.4488,2.4678,
20061206T000000,2.4578,2.4848,2.4404,2.4628,
20061207T000000,2.4468,2.4568,2.4348,2.4518,
20061208T000000,2.4705,2.4858,2.4218,2.4239,
20061211T000000,2.4044,2.418,2.3888,2.3953,
20061212T000000,2.4041,2.4121,2.3768,2.3883,
20061213T000000,2.3868,2.4188,2.3818,2.4042,
20061214T000000,2.4226,2.4538,2.4209,2.4433,
20061215T000000,2.4395,2.4588,2.4258,2.4488,
20061218T000000,2.425,2.426,2.3868,2.3898,
20061219T000000,2.3814,2.4068,2.3683,2.3808,
20061220T000000,2.3977,2.4159,2.3799,2.3979,
20061221T000000,2.393,2.3941,2.3641,2.3702,
20061222T000000,2.3765,2.3768,2.3434,2.3479,
20061226T000000,2.3494,2.3499,2.2894,2.2922,
20061227T000000,2.293,2.3004,2.272,2.2804,
20061228T000000,2.2874,2.2914,2.2694,2.2799,
20061229T000000,2.2664,2.2824,2.2564,2.2744,
20070103T000000,2.2455,2.2469,2.2002,2.2104,
20070104T000000,2.1957,2.2121,2.1674,2.1729,
20070105T000000,2.1843,2.1977,2.1694,2.1902,
20070108T000000,2.2229,2.2284,2.1739,2.1835,
20070109T000000,2.1531,2.1953,2.1513,2.1886,
20070110T000000,2.1816,2.1823,2.1426,2.1443,
20070111T000000,2.1474,2.1787,2.1044,2.1068,
20070112T000000,2.1105,2.1355,2.1064,2.1338,
20070116T000000,2.1179,2.1294,2.0904,2.1114,
20070117T000000,2.0969,2.1294,2.0939,2.1279,
20070118T000000,2.1236,2.1309,2.0794,2.0974,
20070119T000000,2.1164,2.145,2.1149,2.1423,
20070122T000000,2.1574,2.1854,2.1214,2.1378,
20070123T000000,2.1592,2.2049,2.1549,2.1999,
20070124T000000,2.1919,2.2079,2.1659,2.2024,
20070125T000000,2.2115,2.2209,2.1679,2.1733,
20070126T000000,2.1891,2.2152,2.1889,2.2107,
20070129T000000,2.2056,2.2098,2.1653,2.1675,
20070130T000000,2.1744,2.2579,2.1744,2.2549,
20070131T000000,2.2404,2.2949,2.2279,2.2849,
20070201T000000,2.289,2.3099,2.2629,2.2716,
20070202T000000,2.2715,2.2965,2.2489,2.2949,
20070205T000000,2.3124,2.3279,2.2819,2.2901,
20070206T000000,2.3119,2.3154,2.2859,2.3049,
20070207T000000,2.3132,2.3324,2.2659,2.2765,
20070208T000000,2.2845,2.3394,2.2789,2.3299,
20070209T000000,2.338,2.3519,2.3199,2.332,
20070212T000000,2.2924,2.3021,2.2449,2.2529,
20070213T000000,2.2678,2.3097,2.2673,2.3004,
20070214T000000,2.2884,2.2917,2.2339,2.2487,
20070215T000000,2.25,2.2519,2.2165,2.238,
20070216T000000,2.2502,2.2859,2.2409,2.2784,
20070220T000000,2.2276,2.2564,2.2154,2.2545,
20070221T000000,2.2619,2.3117,2.2506,2.2972,
20070222T000000,2.3019,2.3408,2.2988,2.333,
20070223T000000,2.3653,2.3747,2.3397,2.3527,
20070226T000000,2.3615,2.3757,2.3466,2.3622,
20070227T000000,2.3506,2.3971,2.3494,2.3582,
20070228T000000,2.382,2.3951,2.3522,2.3877,
20070301T000000,2.379,2.3997,2.3575,2.3887,
20070302T000000,2.3967,2.4027,2.3763,2.3793,
20070305T000000,2.3455,2.3547,2.3275,2.3347,
20070306T000000,2.3597,2.3657,2.3377,2.3622,
20070307T000000,2.3754,2.3912,2.3677,2.3802,
20070308T000000,2.3857,2.3868,2.3622,2.3757,
20070309T000000,2.3743,2.3753,2.3247,2.3267,
20070312T000000,2.3056,2.3146,2.2882,2.2992,
20070313T000000,2.3165,2.3437,2.2977,2.3134,
20070314T000000,2.3159,2.3287,2.2987,2.3212,
20070315T000000,2.3282,2.3292,2.2999,2.3022,
20070316T000000,2.3155,2.3517,2.2857,2.3055,
20070319T000000,2.3087,2.3221,2.2987,2.3083,
20070320T000000,2.3097,2.3197,2.2813,2.2947,
20070321T000000,2.2874,2.2952,2.2723,2.2893,
20070322T000000,2.3137,2.3406,2.3073,2.3404,
20070323T000000,2.3396,2.3578,2.3322,2.3332,
20070326T000000,2.3655,2.3933,2.3643,2.3877,
20070327T000000,2.3818,2.4047,2.3768,2.404,
20070328T000000,2.4387,2.4652,2.4333,2.4371,
20070329T000000,2.4643,2.5083,2.4478,2.4923,
20070330T000000,2.4923,2.5223,2.4813,2.4814,
20070402T000000,2.4943,2.5003,2.4713,2.4763,
20070403T000000,2.454,2.4613,2.4263,2.4518,
20070404T000000,2.4473,2.4828,2.4363,2.4813,
20070405T000000,2.4897,2.4903,2.4583,2.4744,
20070409T000000,2.4762,2.4949,2.4283,2.4398,
20070410T000000,2.4417,2.4813,2.4417,2.4758,
20070411T000000,2.4777,2.504,2.4722,2.4897,
20070412T000000,2.5024,2.526,2.4924,2.5254,
20070413T000000,2.5304,2.5378,2.5118,2.5118,
20070416T000000,2.5203,2.5259,2.4691,2.4765,
20070417T000000,2.4823,2.4888,2.4123,2.4229,
20070418T000000,2.4109,2.4279,2.3801,2.4268,
20070419T000000,2.4302,2.4378,2.4107,2.4221,
20070420T000000,2.4201,2.449,2.4192,2.4463,
20070423T000000,2.4579,2.5102,2.4554,2.5047,
20070424T000000,2.4987,2.5085,2.4531,2.4607,
20070425T000000,2.4737,2.5161,2.4713,2.5132,
20070426T000000,2.4971,2.5326,2.4892,2.5062,
20070427T000000,2.4893,2.5332,2.486,2.5265,
20070430T000000,2.5141,2.5326,2.5003,2.5032,
20070501T000000,2.5086,2.5299,2.4902,2.4992,
20070502T000000,2.4866,2.4972,2.442,2.4642,
20070503T000000,2.4523,2.4658,2.4432,2.4635,
20070504T000000,2.4788,2.4812,2.4294,2.4412,
20070507T000000,2.4153,2.4265,2.4012,2.42,
20070508T000000,2.4251,2.4574,2.4115,2.4434,
20070509T000000,2.4513,2.4566,2.3981,2.4329,
20070510T000000,2.4558,2.4837,2.4437,2.4758,
20070511T000000,2.499,2.5062,2.4816,2.4964,
20070514T000000,2.5079,2.5096,2.4729,2.4813,
20070515T000000,2.4637,2.5117,2.4633,2.5012,
20070516T000000,2.4877,2.4914,2.4482,2.4802,
20070517T000000,2.5022,2.553,2.5012,2.5473,
20070518T000000,2.5405,2.5477,2.5252,2.5284,
20070521T000000,2.5332,2.5732,2.5167,2.5597,
20070522T000000,2.5431,2.5492,2.5203,2.5238,
20070523T000000,2.5268,2.5508,2.5161,2.546,
20070524T000000,2.5571,2.5699,2.5345,2.5398,
20070525T000000,2.5638,2.5638,2.5395,2.5529,
20070529T000000,2.5227,2.5326,2.4717,2.4928,
20070530T000000,2.4798,2.4943,2.4732,2.4795,
20070531T000000,2.4762,2.4978,2.459,2.4978,
20070601T000000,2.4948,2.5424,2.4908,2.5283,
20070604T000000,2.5475,2.593,2.5468,2.5723,
20070605T000000,2.5746,2.5957,2.565,2.5764,
20070606T000000,2.5718,2.5955,2.5608,2.5845,
20070607T000000,2.5764,2.6023,2.5753,2.5849,
20070608T000000,2.5516,2.5713,2.5058,2.5098,
20070611T000000,2.5118,2.5448,2.4998,2.5381,
20070612T000000,2.5254,2.5283,2.5081,2.5249,
20070613T000000,2.5241,2.5826,2.5153,2.5698,
20070614T000000,2.5961,2.6335,2.594,2.6293,
20070615T000000,2.6258,2.6358,2.6148,2.6218,
20070618T000000,2.6201,2.6535,2.6147,2.6423,
20070619T000000,2.6349,2.643,2.6258,2.6348,
20070620T000000,2.6283,2.6463,2.6033,2.6425,
20070621T000000,2.673,2.6753,2.6306,2.635,
20070622T000000,2.6432,2.6573,2.6372,2.6471,
20070625T000000,2.608,2.6651,2.6055,2.6475,
20070626T000000,2.6242,2.6275,2.6003,2.605,
20070627T000000,2.5933,2.6478,2.5833,2.6363,
20070628T000000,2.6495,2.655,2.6262,2.6294,
20070629T000000,2.6545,2.6637,2.6325,2.6409,
20070702T000000,2.6411,2.6715,2.6319,2.6656,
20070703T000000,2.6623,2.677,2.6575,2.668,
20070705T000000,2.6925,2.696,2.6528,2.6885,
20070706T000000,2.7042,2.7091,2.693,2.697,
20070709T000000,2.6968,2.7078,2.6865,2.6918,
20070710T000000,2.6948,2.734,2.6919,2.7209,
20070711T000000,2.7158,2.73,2.6977,2.6979,
20070712T000000,2.7264,2.7454,2.6825,2.7023,
20070713T000000,2.7165,2.7309,2.7064,2.7131,
20070716T000000,2.7194,2.7237,2.655,2.6635,
20070717T000000,2.6716,2.6823,2.6265,2.6425,
20070718T000000,2.6435,2.7095,2.6345,2.7015,
20070719T000000,2.7143,2.7224,2.691,2.714,
20070720T000000,2.708,2.7198,2.6901,2.7008,
20070723T000000,2.6658,2.6764,2.6511,2.6648,
20070724T000000,2.6369,2.6471,2.6218,2.6297,
20070725T000000,2.6435,2.6802,2.6114,2.6712,
20070726T000000,2.6838,2.6999,2.6195,2.6343,
20070727T000000,2.6438,2.686,2.6329,2.6753,
20070730T000000,2.6685,2.6807,2.6413,2.6644,
20070731T000000,2.6787,2.7095,2.6751,2.7023,
20070801T000000,2.6863,2.6976,2.6358,2.6573,
20070802T000000,2.6478,2.6712,2.6383,2.6586,
20070803T000000,2.652,2.6528,2.6118,2.6181,
20070806T000000,2.5799,2.5799,2.5173,2.5323,
20070807T000000,2.5275,2.5548,2.5113,2.5413,
20070808T000000,2.5412,2.5723,2.5403,2.5558,
20070809T000000,2.5333,2.5749,2.5306,2.5715,
20070810T000000,2.5402,2.5698,2.5269,2.5571,
20070813T000000,2.5864,2.6073,2.5378,2.5498,
20070814T000000,2.565,2.5702,2.5358,2.5638,
20070815T000000,2.5893,2.6321,2.5856,2.6083,
20070816T000000,2.5738,2.5798,2.5291,2.5798,
20070817T000000,2.5996,2.606,2.5805,2.5988,
20070820T000000,2.5558,2.5669,2.5353,2.5633,
20070821T000000,2.5585,2.5833,2.5221,2.5373,
20070822T000000,2.5417,2.5485,2.5162,2.533,
20070823T000000,2.5458,2.5495,2.5302,2.5443,
20070824T000000,2.5492,2.5823,2.5475,2.5813,
20070827T000000,2.567,2.5979,2.5459,2.5967,
20070828T000000,2.592,2.6001,2.5766,2.5785,
20070829T000000,2.5967,2.6283,2.5967,2.6268,
20070830T000000,2.6174,2.6336,2.6055,2.6196,
20070831T000000,2.6372,2.6395,2.6188,2.6222,
20070904T000000,2.6332,2.6614,2.6329,2.647,
20070905T000000,2.6536,2.6713,2.648,2.6705,
20070906T000000,2.7055,2.7163,2.668,2.703,
20070907T000000,2.7035,2.7229,2.689,2.7094,
20070910T000000,2.7018,2.7598,2.6955,2.7515,
20070911T000000,2.7346,2.7525,2.7212,2.747,
20070912T000000,2.7554,2.7879,2.7426,2.7785,
20070913T000000,2.7811,2.8002,2.7581,2.7845,
20070914T000000,2.7834,2.7965,2.768,2.778,
20070917T000000,2.7694,2.7998,2.7664,2.792,
20070918T000000,2.78,2.8265,2.7635,2.822,
20070919T000000,2.811,2.8188,2.7746,2.8065,
20070920T000000,2.8059,2.8293,2.796,2.8225,
20070921T000000,2.8214,2.826,2.805,2.818,
20070924T000000,2.8102,2.8208,2.7858,2.794,
20070925T000000,2.7685,2.7697,2.745,2.7545,
20070926T000000,2.775,2.7861,2.7175,2.754,
20070927T000000,2.797,2.822,2.7877,2.8152,
20070928T000000,2.8284,2.8315,2.7645,2.7746,
20071001T000000,2.751,2.7529,2.7123,2.7303,
20071002T000000,2.7115,2.7211,2.6942,2.7115,
20071003T000000,2.7122,2.7408,2.6988,2.7251,
20071004T000000,2.7115,2.7915,2.7042,2.7829,
20071005T000000,2.7736,2.7871,2.7551,2.7672,
20071008T000000,2.7433,2.7466,2.6955,2.7091,
20071009T000000,2.7059,2.754,2.7033,2.7328,
20071010T000000,2.738,2.7685,2.7227,2.7667,
20071011T000000,2.7854,2.8201,2.7799,2.794,
20071012T000000,2.7882,2.8108,2.7825,2.7975,
20071015T000000,2.8255,2.8622,2.8166,2.861,
20071016T000000,2.8513,2.8891,2.8431,2.8865,
20071017T000000,2.8845,2.899,2.858,2.8621,
20071018T000000,2.8776,2.9099,2.8744,2.902,
20071019T000000,2.8815,2.8958,2.865,2.876,
20071022T000000,2.8623,2.8923,2.846,2.8579,
20071023T000000,2.8738,2.8748,2.8432,2.85,
20071024T000000,2.8555,2.9052,2.8545,2.9005,
20071025T000000,2.914,2.9597,2.9033,2.957,
20071026T000000,2.9777,2.983,2.9555,2.9798,
20071029T000000,2.9964,3.0206,2.9805,3.0158,
20071030T000000,3.0029,3.0103,2.9622,2.967,
20071031T000000,3.0205,3.0665,3.0049,3.0605,
20071101T000000,3.0486,3.0579,3.0107,3.0405,
20071102T000000,3.0759,3.1051,3.0662,3.1007,
20071105T000000,3.0683,3.119,3.0628,3.0845,
20071106T000000,3.1183,3.1503,3.1104,3.1442,
20071107T000000,3.1603,3.1732,3.1057,3.1351,
20071108T000000,3.1867,3.1905,3.127,3.132,
20071109T000000,3.1423,3.1669,3.1312,3.1455,
20071112T000000,3.1035,3.1282,3.0945,3.0965,
20071113T000000,3.0883,3.0975,3.0207,3.035,
20071114T000000,3.074,3.1098,3.071,3.098,
20071115T000000,3.085,3.098,3.064,3.0911,
20071116T000000,3.1352,3.1412,3.11,3.123,
20071119T000000,3.1287,3.139,3.101,3.1363,
20071120T000000,3.166,3.2323,3.156,3.2276,
20071121T000000,3.2266,3.246,3.1961,3.2148,
20071123T000000,3.2229,3.2466,3.2205,3.2375,
20071126T000000,3.2284,3.2446,3.2038,3.2196,
20071127T000000,3.1844,3.2025,3.1749,3.1809,
20071128T000000,3.1929,3.196,3.0888,3.1188,
20071129T000000,3.1215,3.1652,3.0886,3.1016,
20071130T000000,3.0496,3.0863,3.0286,3.036,
20071203T000000,3.0052,3.049,2.9795,3.0461,
20071204T000000,3.0167,3.0336,3.0062,3.0302,
20071205T000000,3.0606,3.0675,2.9945,3.0071,
20071206T000000,2.9996,3.0726,2.9956,3.0651,
20071207T000000,3.0237,3.0276,2.9933,3.0186,
20071210T000000,3.0422,3.0541,2.981,2.9949,
20071211T000000,3.0141,3.0584,3.0033,3.0256,
20071212T000000,3.0746,3.1769,3.0716,3.1525,
20071213T000000,3.157,3.1701,3.1294,3.1388,
20071214T000000,3.1452,3.1577,3.1211,3.1286,
20071217T000000,3.1261,3.1292,3.0969,3.1196,
20071218T000000,3.1594,3.1597,3.0518,3.0761,
20071219T000000,3.0881,3.1442,3.0861,3.1209,
20071220T000000,3.1135,3.1418,3.104,3.1106,
20071221T000000,3.1192,3.1584,3.1111,3.1248,
20071224T000000,3.1061,3.1129,3.083,3.112,
20071226T000000,3.1655,3.1957,3.154,3.1575,
20071227T000000,3.1767,3.2153,3.1645,3.1975,
20071228T000000,3.2037,3.2171,3.1437,3.1565,
20071231T000000,3.1795,3.1915,3.1434,3.1736,
20080102T000000,3.2308,3.2675,3.2183,3.2585,
20080103T000000,3.2542,3.2677,3.223,3.2395,
20080104T000000,3.221,3.2252,3.186,3.2087,
20080107T000000,3.19,3.19,3.0951,3.125,
20080108T000000,3.1671,3.1856,3.15,3.1528,
20080109T000000,3.146,3.1899,3.1252,3.135,
20080110T000000,3.0795,3.107,3.0665,3.0927,
20080111T000000,3.0715,3.0927,3.049,3.0569,
20080114T000000,3.1093,3.1168,3.0876,3.1105,
20080115T000000,3.0874,3.0908,3.0449,3.0705,
20080116T000000,3.0546,3.0565,2.997,3.0413,
20080117T000000,3.0647,3.076,3.0087,3.024,
20080118T000000,3.0397,3.0503,3.009,3.029,
20080122T000000,2.969,3.0062,2.9613,2.991,
20080123T000000,2.9599,2.9824,2.9397,2.9638,
20080124T000000,2.9681,3.0013,2.9518,2.9956,
20080125T000000,3.0347,3.0495,3.0104,3.0381,
20080128T000000,3.0034,3.0543,2.9878,3.0479,
20080129T000000,3.0426,3.0703,3.0358,3.0698,
20080130T000000,3.0794,3.086,3.0532,3.0701,
20080131T000000,3.0355,3.0735,3.0013,3.0516,
20080201T000000,3.0343,3.0391,2.9732,2.9813,
20080204T000000,2.9912,3.0338,2.9793,3.0123,
20080205T000000,2.971,2.9905,2.9568,2.9748,
20080206T000000,2.9939,2.9969,2.9437,2.9508,
20080207T000000,2.941,2.9922,2.9381,2.9899,
20080208T000000,3.0268,3.1014,3.0267,3.0848,
20080211T000000,3.0954,3.1775,3.0817,3.1408,
20080212T000000,3.1237,3.1611,3.1117,3.1197,
20080213T000000,3.127,3.1585,3.1127,3.1473,
20080214T000000,3.165,3.1995,3.1603,3.1918,
20080215T000000,3.2086,3.2162,3.1601,3.1837,
20080219T000000,3.2662,3.2945,3.2466,3.2763,
20080220T000000,3.2578,3.2991,3.2467,3.2858,
20080221T000000,3.2595,3.3028,3.2243,3.2518,
20080222T000000,3.2905,3.3138,3.2523,3.2985,
20080225T000000,3.2925,3.3257,3.2745,3.3114,
20080226T000000,3.2971,3.3499,3.2896,3.3493,
20080227T000000,3.3317,3.3435,3.2951,3.2951,
20080228T000000,3.3339,3.3856,3.324,3.3773,
20080229T000000,3.3692,3.3789,3.3474,3.3573,
20080303T000000,3.4135,3.4262,3.3693,3.3908,
20080304T000000,3.4025,3.4093,3.3219,3.3563,
20080305T000000,3.4223,3.5007,3.4139,3.4961,
20080306T000000,3.4783,3.5274,3.4568,3.5203,
20080307T000000,3.5004,3.5386,3.4696,3.5098,
20080310T000000,3.4927,3.5375,3.4765,3.5326,
20080311T000000,3.525,3.5497,3.4722,3.5453,
20080312T000000,3.5412,3.5837,3.5008,3.5767,
20080313T000000,3.5913,3.6798,3.5872,3.6687,
20080314T000000,3.7024,3.7743,3.6648,3.6933,
20080317T000000,3.6177,3.6716,3.539,3.6258,
20080318T000000,3.6616,3.7064,3.5916,3.6663,
20080319T000000,3.5935,3.6323,3.5382,3.5773,
20080320T000000,3.5084,3.557,3.4919,3.5211,
20080324T000000,3.5359,3.5439,3.483,3.4974,
20080325T000000,3.4655,3.4719,3.4147,3.4649,
20080326T000000,3.5109,3.5822,3.5099,3.5734,
20080327T000000,3.6018,3.678,3.585,3.6547,
20080328T000000,3.6362,3.6429,3.6056,3.6105,
20080331T000000,3.6493,3.6763,3.5159,3.53,
20080401T000000,3.4813,3.5499,3.4792,3.5124,
20080402T000000,3.5028,3.5856,3.4713,3.5717,
20080403T000000,3.5531,3.612,3.5404,3.5564,
20080404T000000,3.6015,3.6193,3.5859,3.6139,
20080407T000000,3.6831,3.7244,3.6804,3.7012,
20080408T000000,3.7164,3.7464,3.694,3.7374,
20080409T000000,3.7275,3.8785,3.7263,3.86,
20080410T000000,3.9232,3.9259,3.8094,3.817,
20080411T000000,3.8064,3.8367,3.7781,3.8204,
20080414T000000,3.8174,3.8395,3.7942,3.8298,
20080415T000000,3.8726,3.9036,3.8698,3.9004,
20080416T000000,3.9167,3.9294,3.834,3.9024,
20080417T000000,3.8982,3.9082,3.8664,3.8884,
20080418T000000,3.8597,3.9244,3.8556,3.9114,
20080421T000000,3.9261,3.9398,3.883,3.9357,
20080422T000000,3.91,3.977,3.9098,3.9486,
20080423T000000,3.9305,3.9619,3.9107,3.9602,
20080424T000000,3.9118,3.9568,3.8747,3.8958,
20080425T000000,3.9304,3.9746,3.9214,3.95,
20080428T000000,3.9369,3.9633,3.9213,3.9411,
20080429T000000,3.9106,3.9272,3.8767,3.8792,
20080430T000000,3.8977,3.9092,3.8052,3.8407,
20080501T000000,3.7945,3.7951,3.7203,3.7697,
20080502T000000,3.7945,3.8732,3.7942,3.8653,
20080505T000000,3.9089,3.9822,3.907,3.9572,
20080506T000000,3.9588,4.0234,3.9582,4.0082,
20080507T000000,4.0095,4.1122,3.9982,4.1122,
20080508T000000,4.1239,4.1832,4.1191,4.1789,
20080509T000000,4.2504,4.3046,4.2199,4.2982,
20080512T000000,4.2681,4.2912,4.1967,4.1972,
20080513T000000,4.2621,4.3668,4.2611,4.35,
20080514T000000,4.3488,4.3489,4.2676,4.2789,
20080515T000000,4.328,4.3314,4.2037,4.2747,
20080516T000000,4.3613,4.3663,4.3297,4.3597,
20080519T000000,4.3555,4.3663,4.3137,4.3392,
20080520T000000,4.4151,4.434,4.4061,4.4222,
20080521T000000,4.4393,4.583,4.4382,4.5809,
20080522T000000,4.6313,4.6597,4.5638,4.5968,
20080523T000000,4.6535,4.6656,4.5025,4.526,
20080527T000000,4.5329,4.551,4.4425,4.4596,
20080528T000000,4.4409,4.5111,4.4201,4.4855,
20080529T000000,4.4429,4.518,4.3109,4.3425,
20080530T000000,4.3472,4.3663,4.2923,4.3145,
20080602T000000,4.298,4.4005,4.2865,4.3545,
20080603T000000,4.3494,4.3567,4.2645,4.2775,
20080604T000000,4.2408,4.2727,4.1779,4.184,
20080605T000000,4.2322,4.3268,4.2055,4.3235,
20080606T000000,4.517,4.629,4.4865,4.5965,
20080609T000000,4.5325,4.5952,4.508,4.519,
20080610T000000,4.558,4.6026,4.441,4.4645,
20080611T000000,4.5263,4.6515,4.4945,4.621,
20080612T000000,4.5182,4.6185,4.4775,4.5772,
20080613T000000,4.5153,4.544,4.47,4.4729,
20080616T000000,4.5819,4.5841,4.4351,4.4495,
20080617T000000,4.4166,4.4733,4.4122,4.4495,
20080618T000000,4.4428,4.505,4.3652,4.4847,
20080619T000000,4.4912,4.4912,4.3365,4.3515,
20080620T000000,4.4382,4.4862,4.3974,4.4004,
20080623T000000,4.4148,4.4992,4.4138,4.4461,
20080624T000000,4.4465,4.4787,4.4182,4.4526,
20080625T000000,4.4377,4.4424,4.3163,4.3832,
20080626T000000,4.4782,4.5356,4.4589,4.5183,
20080627T000000,4.5423,4.6159,4.5295,4.5514,
20080630T000000,4.5994,4.6057,4.5029,4.5404,
20080701T000000,4.6014,4.6129,4.5245,4.5544,
20080702T000000,4.5358,4.6984,4.531,4.6882,
20080703T000000,4.7004,4.7186,4.6794,4.7129,
20080707T000000,4.5728,4.6405,4.5438,4.5944,
20080708T000000,4.4929,4.501,4.4041,4.4259,
20080709T000000,4.4683,4.4934,4.4294,4.4476,
20080710T000000,4.5501,4.6612,4.5249,4.6309,
20080711T000000,4.7595,4.7638,4.6478,4.6854,
20080714T000000,4.6975,4.7259,4.6525,4.6742,
20080715T000000,4.6902,4.7014,4.4449,4.5249,
20080716T000000,4.5198,4.5302,4.3662,4.4466,
20080717T000000,4.4596,4.5188,4.3379,4.3569,
20080718T000000,4.3674,4.3983,4.2944,4.2999,
20080721T000000,4.3408,4.3804,4.2992,4.3749,
20080722T000000,4.3359,4.3474,4.2489,4.2846,
20080723T000000,4.2343,4.2761,4.1464,4.1532,
20080724T000000,4.1762,4.2083,4.156,4.1741,
20080725T000000,4.1658,4.1668,4.1092,4.1342,
20080728T000000,4.1494,4.1741,4.1279,4.1724,
20080729T000000,4.1342,4.1343,4.0541,4.0767,
20080730T000000,4.0666,4.149,4.0401,4.133,
20080731T000000,4.1156,4.1157,4.01,4.048,
20080801T000000,4.0151,4.1181,4.0102,4.0203,
20080804T000000,4.0105,4.0468,3.8959,3.9354,
20080805T000000,3.8965,3.9397,3.8506,3.8555,
20080806T000000,3.8708,3.8803,3.791,3.8107,
20080807T000000,3.8484,3.856,3.7773,3.81,
20080808T000000,3.7655,3.77,3.7,3.7143,
20080811T000000,3.7425,3.75,3.6642,3.7027,
20080812T000000,3.7276,3.732,3.654,3.6646,
20080813T000000,3.6695,3.769,3.6638,3.72,
20080814T000000,3.6843,3.7196,3.6389,3.6815,
20080815T000000,3.658,3.708,3.604,3.7009,
20080818T000000,3.7022,3.7215,3.6456,3.67,
20080819T000000,3.6745,3.7798,3.6608,3.726,
20080820T000000,3.7464,3.777,3.66,3.7587,
20080821T000000,3.855,3.9294,3.8366,3.8837,
20080822T000000,3.8331,3.8333,3.7039,3.7119,
20080825T000000,3.7184,3.7454,3.6945,3.74,
20080826T000000,3.7898,3.8466,3.755,3.7884,
20080827T000000,3.8704,3.8941,3.8089,3.8394,
20080828T000000,3.8978,3.8992,3.7189,3.7567,
20080829T000000,3.8289,3.83,3.7369,3.7508,
20080831T000000,3.7554,3.8499,3.7554,3.8109,
20080902T000000,3.5555,3.6562,3.5528,3.6493,
20080903T000000,3.5987,3.6392,3.5739,3.6365,
20080904T000000,3.6235,3.6374,3.5559,3.5734,
20080905T000000,3.5583,3.5677,3.4853,3.5345,
20080908T000000,3.6127,3.6245,3.513,3.5694,
20080909T000000,3.5072,3.5084,3.4434,3.4528,
20080910T000000,3.4872,3.5273,3.42,3.4709,
20080911T000000,3.5073,3.5085,3.4308,3.4738,
20080912T000000,3.5135,3.5308,3.4688,3.4804,
20080914T000000,3.4734,3.4734,3.3859,3.4014,
20080915T000000,3.2845,3.3863,3.2834,3.3208,
20080916T000000,3.2591,3.3244,3.2445,3.3224,
20080917T000000,3.3118,3.3869,3.2274,3.3668,
20080918T000000,3.3955,3.4229,3.2988,3.358,
20080919T000000,3.4205,3.4597,3.3448,3.452,
20080922T000000,3.5156,3.6254,3.5156,3.5827,
20080923T000000,3.6011,3.6088,3.4917,3.5577,
20080924T000000,3.6176,3.6445,3.5257,3.5497,
20080925T000000,3.5267,3.6161,3.5122,3.5739,
20080926T000000,3.5157,3.5637,3.4919,3.5537,
20080929T000000,3.4141,3.4308,3.2916,3.2987,
20080930T000000,3.3904,3.4543,3.3635,3.4537,
20081001T000000,3.3813,3.4437,3.3258,3.3857,
20081002T000000,3.3329,3.336,3.2344,3.2504,
20081003T000000,3.1972,3.2657,3.1757,3.1787,
20081006T000000,3.1074,3.1223,3.0017,3.0378,
20081007T000000,3.0575,3.0858,3.0003,3.0377,
20081008T000000,2.99,3.0487,2.9503,3.0277,
20081009T000000,2.9969,3.0139,2.8935,2.9078,
20081010T000000,2.7666,2.8442,2.7181,2.8137,
20081013T000000,2.8637,2.8873,2.8173,2.8828,
20081014T000000,2.9037,2.9212,2.7876,2.8157,
20081015T000000,2.7534,2.7684,2.7097,2.7097,
20081016T000000,2.7025,2.7171,2.5847,2.6837,
20081017T000000,2.6464,2.7254,2.6338,2.6762,
20081020T000000,2.7177,2.8042,2.6783,2.7727,
20081021T000000,2.7058,2.7197,2.6629,2.6987,
20081022T000000,2.6489,2.654,2.5623,2.5746,
20081023T000000,2.6029,2.6256,2.5576,2.6111,
20081024T000000,2.451,2.5259,2.4497,2.5016,
20081027T000000,2.4617,2.5295,2.4403,2.4456,
20081028T000000,2.4891,2.4994,2.4245,2.4981,
20081029T000000,2.5382,2.5887,2.5068,2.5611,
20081030T000000,2.5396,2.5484,2.4642,2.5131,
20081031T000000,2.4956,2.6186,2.4656,2.5971,
20081103T000000,2.5372,2.5766,2.4928,2.5031,
20081104T000000,2.607,2.7269,2.598,2.6581,
20081105T000000,2.6102,2.6371,2.5422,2.5768,
20081106T000000,2.5186,2.5332,2.4511,2.4646,
20081107T000000,2.4979,2.5197,2.4732,2.4956,
20081110T000000,2.5966,2.6063,2.4606,2.5176,
20081111T000000,2.4809,2.4811,2.4249,2.4361,
20081112T000000,2.3871,2.3969,2.3396,2.3414,
20081113T000000,2.3642,2.4333,2.3226,2.4262,
20081114T000000,2.3581,2.3856,2.3293,2.3421,
20081117T000000,2.3585,2.4062,2.3022,2.3086,
20081118T000000,2.3092,2.3212,2.2674,2.2856,
20081119T000000,2.2994,2.3156,2.2734,2.2746,
20081120T000000,2.2329,2.2612,2.1753,2.1824,
20081121T000000,2.2229,2.2255,2.1784,2.2229,
20081124T000000,2.2372,2.3399,2.2192,2.2998,
20081125T000000,2.2583,2.2694,2.2056,2.2195,
20081126T000000,2.2621,2.2871,2.2095,2.2657,
20081128T000000,2.2095,2.2234,2.1776,2.1867,
20081201T000000,2.1489,2.1729,2.1097,2.1234,
20081202T000000,2.1444,2.154,2.0797,2.1024,
20081203T000000,2.0779,2.1169,2.0675,2.0884,
20081204T000000,2.0744,2.1015,2.0054,2.0132,
20081205T000000,1.9959,2.0135,1.9204,1.9439,
20081208T000000,1.9869,2.014,1.9719,1.9969,
20081209T000000,1.9853,2.0079,1.9347,1.9388,
20081210T000000,1.9839,1.9965,1.8864,1.9044,
20081211T000000,1.9634,2.0527,1.9514,1.9971,
20081212T000000,1.9294,2.026,1.9238,2.0004,
20081215T000000,2.079,2.0914,1.9585,1.9725,
20081216T000000,2.0129,2.042,1.9468,1.9796,
20081217T000000,1.9837,2.0117,1.9406,1.9524,
20081218T000000,1.9552,1.9652,1.8676,1.8994,
20081219T000000,1.8944,1.93,1.8715,1.9089,
20081222T000000,1.8997,1.9087,1.8348,1.8405,
20081223T000000,1.8466,1.8544,1.7928,1.8315,
20081224T000000,1.7813,1.7887,1.6899,1.7178,
20081226T000000,1.7198,1.7538,1.7008,1.7538,
20081229T000000,1.7903,1.7946,1.7433,1.7923,
20081230T000000,1.7743,1.7968,1.7573,1.785,
20081231T000000,1.7729,1.9323,1.7729,1.8883,
20090102T000000,1.8989,1.9737,1.8974,1.9546,
20090105T000000,1.9683,2.0613,1.9623,2.0438,
20090106T000000,2.1217,2.1451,2.0814,2.1003,
20090107T000000,2.0973,2.1014,2.0121,2.027,
20090108T000000,2.0365,2.0521,1.9746,2.0159,
20090109T000000,1.943,1.9762,1.9151,1.9682,
20090112T000000,1.9357,1.9727,1.9165,1.9573,
20090113T000000,1.9838,2.0283,1.9675,1.9963,
20090114T000000,1.9924,1.9954,1.8953,1.9413,
20090115T000000,1.948,1.9673,1.9012,1.9508,
20090116T000000,1.9933,2.0011,1.9253,1.9485,
20090120T000000,1.874,1.9262,1.8488,1.871,
20090121T000000,1.8423,1.8681,1.8314,1.8651,
20090122T000000,1.8252,1.8528,1.7855,1.8191,
20090123T000000,1.8029,1.9346,1.7975,1.9111,
20090126T000000,1.8979,1.9629,1.8921,1.9044,
20090127T000000,1.8793,1.8821,1.8418,1.8562,
20090128T000000,1.8675,1.9311,1.8544,1.9031,
20090129T000000,1.875,1.9293,1.8707,1.9007,
20090130T000000,1.9445,1.9491,1.9061,1.9166,
20090202T000000,1.8441,1.8555,1.8228,1.8412,
20090203T000000,1.8194,1.8326,1.7974,1.8076,
20090204T000000,1.8271,1.8409,1.8006,1.8109,
20090205T000000,1.8218,1.8592,1.8031,1.8461,
20090206T000000,1.7881,1.8696,1.787,1.8386,
20090209T000000,1.8683,1.9048,1.8323,1.8399,
20090210T000000,1.8844,1.8874,1.7783,1.7917,
20090211T000000,1.7994,1.8219,1.7792,1.8082,
20090212T000000,1.7957,1.8236,1.7908,1.8162,
20090213T000000,1.8035,1.8096,1.7696,1.7871,
20090217T000000,1.7056,1.7112,1.6576,1.6593,
20090218T000000,1.6716,1.6756,1.6215,1.6318,
20090219T000000,1.6542,1.6947,1.6231,1.6822,
20090220T000000,1.6448,1.6827,1.6312,1.6767,
20090223T000000,1.7072,1.7072,1.6427,1.6508,
20090224T000000,1.6872,1.6982,1.6665,1.6902,
20090225T000000,1.6912,1.7403,1.6607,1.7212,
20090226T000000,1.7536,1.7904,1.7513,1.7662,
20090227T000000,1.7393,1.7623,1.7159,1.7502,
20090302T000000,1.6908,1.693,1.6348,1.6402,
20090303T000000,1.6788,1.6805,1.6322,1.6657,
20090304T000000,1.7049,1.7209,1.6637,1.6947,
20090305T000000,1.6896,1.693,1.6222,1.6532,
20090306T000000,1.6802,1.7263,1.6585,1.7232,
20090309T000000,1.7047,1.7517,1.6912,1.7083,
20090310T000000,1.737,1.7571,1.6796,1.6897,
20090311T000000,1.6675,1.6837,1.6124,1.6296,
20090312T000000,1.6207,1.7246,1.6205,1.7082,
20090313T000000,1.7157,1.739,1.6772,1.6772,
20090316T000000,1.6504,1.7137,1.6302,1.6972,
20090317T000000,1.7272,1.7745,1.721,1.7525,
20090318T000000,1.7632,1.7877,1.7193,1.7782,
20090319T000000,1.857,1.8579,1.8185,1.8372,
20090320T000000,1.8353,1.8756,1.8317,1.8709,
20090323T000000,1.875,1.9594,1.8741,1.9579,
20090324T000000,1.9536,1.9873,1.945,1.9748,
20090325T000000,1.9424,1.9826,1.9296,1.9472,
20090326T000000,1.9753,1.9758,1.9409,1.9591,
20090327T000000,1.9279,1.9283,1.9039,1.9068,
20090330T000000,1.8702,1.8743,1.8169,1.8254,
20090331T000000,1.8229,1.8421,1.7947,1.8279,
20090401T000000,1.7892,1.8234,1.7717,1.8169,
20090402T000000,1.9009,1.9219,1.8857,1.9108,
20090403T000000,1.8949,1.9219,1.8773,1.9148,
20090406T000000,1.8762,1.9105,1.8576,1.8929,
20090407T000000,1.8688,1.8863,1.857,1.8624,
20090408T000000,1.8477,1.9305,1.8421,1.8853,
20090409T000000,1.9139,1.914,1.874,1.8994,
20090413T000000,1.8216,1.913,1.8168,1.8699,
20090414T000000,1.8822,1.9042,1.8604,1.8723,
20090415T000000,1.877,1.8933,1.8516,1.8802,
20090416T000000,1.8879,1.8989,1.8723,1.8939,
20090417T000000,1.9236,1.9242,1.8911,1.8979,
20090420T000000,1.8173,1.8236,1.7946,1.8033,
20090421T000000,1.7713,1.8329,1.7691,1.8131,
20090422T000000,1.804,1.816,1.7772,1.7948,
20090423T000000,1.7967,1.801,1.7706,1.7852,
20090424T000000,1.8268,1.8388,1.8128,1.8345,
20090427T000000,1.754,1.8168,1.7531,1.7924,
20090428T000000,1.7658,1.7893,1.7644,1.7829,
20090429T000000,1.7993,1.8278,1.7803,1.7898,
20090430T000000,1.7765,1.801,1.7737,1.7851,
20090501T000000,1.816,1.848,1.8073,1.8273,
20090504T000000,1.854,1.8866,1.8526,1.8843,
20090505T000000,1.8748,1.8837,1.8588,1.8757,
20090506T000000,1.9093,1.9227,1.8943,1.9194,
20090507T000000,1.9774,1.9825,1.9053,1.9274,
20090508T000000,1.9622,1.9703,1.9393,1.9645,
20090511T000000,1.9575,1.9711,1.9364,1.9428,
20090512T000000,1.9652,1.9684,1.9372,1.9573,
20090513T000000,1.9558,1.9866,1.9236,1.9422,
20090514T000000,1.9324,1.9527,1.9157,1.9396,
20090515T000000,1.9113,1.9303,1.8633,1.8676,
20090518T000000,1.912,1.9396,1.8996,1.9278,
20090519T000000,1.9279,1.9495,1.9041,1.9364,
20090520T000000,1.9549,1.9941,1.9525,1.9843,
20090521T000000,1.9547,1.9925,1.9433,1.9753,
20090522T000000,1.9759,1.9913,1.9568,1.9826,
20090526T000000,1.9373,1.9975,1.9361,1.9942,
20090527T000000,2.0063,2.025,1.9866,2.005,
20090528T000000,2.0241,2.0658,2.0241,2.0528,
20090529T000000,2.0992,2.1077,2.0802,2.107,
20090601T000000,2.1464,2.2035,2.1452,2.1908,
20090602T000000,2.191,2.2375,2.1845,2.2305,
20090603T000000,2.194,2.1962,2.1354,2.1662,
20090604T000000,2.204,2.2349,2.1817,2.2062,
20090605T000000,2.2091,2.2182,2.1796,2.201,
20090608T000000,2.2007,2.2142,2.1876,2.2085,
20090609T000000,2.2293,2.2379,2.2111,2.2296,
20090610T000000,2.2451,2.2732,2.2359,2.2566,
20090611T000000,2.2753,2.2956,2.268,2.275,
20090612T000000,2.2547,2.2743,2.2508,2.2662,
20090615T000000,2.2562,2.2566,2.2127,2.2405,
20090616T000000,2.2909,2.2948,2.2313,2.2526,
20090617T000000,2.2444,2.2924,2.2257,2.2829,
20090618T000000,2.2628,2.29,2.2519,2.2622,
20090619T000000,2.271,2.2791,2.1986,2.2188,
20090622T000000,2.1752,2.1763,2.1382,2.15,
20090623T000000,2.1643,2.206,2.1388,2.1991,
20090624T000000,2.1859,2.2053,2.1614,2.1751,
20090625T000000,2.2012,2.2291,2.192,2.2098,
20090626T000000,2.1947,2.196,2.1549,2.1709,
20090629T000000,2.2008,2.2329,2.1993,2.2179,
20090630T000000,2.2038,2.2174,2.1444,2.1782,
20090701T000000,2.2032,2.2132,2.1279,2.1504,
20090702T000000,2.0989,2.1002,2.0791,2.0872,
20090706T000000,2.0235,2.0472,2.0099,2.0204,
20090707T000000,2.004,2.0065,1.972,1.9788,
20090708T000000,1.9643,1.9665,1.9168,1.9257,
20090709T000000,1.9321,1.9344,1.8953,1.9189,
20090710T000000,1.8946,1.9244,1.8816,1.9149,
20090713T000000,1.8936,1.9041,1.8715,1.8894,
20090714T000000,1.9138,1.9168,1.8806,1.8923,
20090715T000000,1.9349,1.976,1.9217,1.9737,
20090716T000000,1.9541,1.9924,1.9496,1.9789,
20090717T000000,2.0008,2.0415,1.9967,2.023,
20090720T000000,2.0562,2.0813,2.0394,2.0757,
20090721T000000,2.1137,2.1164,2.0655,2.0869,
20090722T000000,2.0627,2.1073,2.0566,2.1002,
20090723T000000,2.087,2.1606,2.086,2.1473,
20090724T000000,2.1566,2.1776,2.1401,2.1663,
20090727T000000,2.1751,2.1832,2.1581,2.1738,
20090728T000000,2.1528,2.1687,2.1362,2.1482,
20090729T000000,2.1255,2.1271,2.0388,2.0428,
20090730T000000,2.0917,2.1502,2.0769,2.137,
20090731T000000,2.1155,2.1945,2.1129,2.1804,
20090803T000000,2.2368,2.2478,2.2215,2.2303,
20090804T000000,2.2229,2.2628,2.2143,2.2601,
20090805T000000,2.2775,2.3168,2.249,2.3082,
20090806T000000,2.318,2.3232,2.2796,2.287,
20090807T000000,2.2958,2.3053,2.2612,2.2668,
20090810T000000,2.2918,2.2978,2.2648,2.2971,
20090811T000000,2.2708,2.2762,2.24,2.2622,
20090812T000000,2.2568,2.2874,2.2417,2.2528,
20090813T000000,2.2666,2.2778,2.2458,2.2738,
20090814T000000,2.2769,2.2775,2.1873,2.2058,
20090817T000000,2.1641,2.1838,2.1403,2.1809,
20090818T000000,2.1563,2.2401,2.1563,2.2183,
20090819T000000,2.1983,2.2867,2.197,2.2748,
20090820T000000,2.2623,2.2696,2.2366,2.2408,
20090821T000000,2.2643,2.2824,2.2457,2.2609,
20090824T000000,2.2722,2.289,2.267,2.2706,
20090825T000000,2.2664,2.28,2.1904,2.2091,
20090826T000000,2.1793,2.2066,2.1696,2.2062,
20090827T000000,2.1806,2.2231,2.1655,2.2202,
20090828T000000,2.236,2.2439,2.1961,2.2191,
20090831T000000,2.1528,2.1533,2.1121,2.131,
20090901T000000,2.1391,2.1777,2.0872,2.0956,
20090902T000000,2.0843,2.1016,2.0663,2.0792,
20090903T000000,2.0852,2.0927,2.0607,2.0696,
20090904T000000,2.0457,2.0626,2.0314,2.0481,
20090908T000000,2.105,2.1394,2.0889,2.1134,
20090909T000000,2.1276,2.1549,2.1169,2.1305,
20090910T000000,2.1078,2.1346,2.0956,2.1242,
20090911T000000,2.132,2.1351,2.0464,2.0646,
20090914T000000,2.0535,2.0754,2.0493,2.0716,
20090915T000000,2.08,2.1196,2.0596,2.1106,
20090916T000000,2.1017,2.1576,2.0896,2.1491,
20090917T000000,2.1547,2.1866,2.1541,2.1711,
20090918T000000,2.1721,2.1776,2.1493,2.1508,
20090921T000000,2.1032,2.1035,2.0717,2.0766,
20090922T000000,2.1265,2.1463,2.1129,2.138,
20090923T000000,2.1441,2.1452,2.0715,2.0773,
20090924T000000,2.0582,2.0617,1.9981,2.0084,
20090925T000000,2.0093,2.0306,1.9921,2.0056,
20090928T000000,2.0034,2.0409,2.0026,2.0197,
20090929T000000,2.0121,2.0298,1.9994,2.0182,
20090930T000000,2.0294,2.1311,2.0066,2.124,
20091001T000000,2.1221,2.1387,2.0894,2.1126,
20091002T000000,2.0694,2.1012,2.064,2.0856,
20091005T000000,2.0613,2.1031,2.0333,2.0866,
20091006T000000,2.1035,2.1376,2.0972,2.115,
20091007T000000,2.1246,2.1356,2.0624,2.0836,
20091008T000000,2.0702,2.1571,2.0673,2.1331,
20091009T000000,2.1492,2.1661,2.1297,2.1617,
20091012T000000,2.1998,2.2106,2.1876,2.1877,
20091013T000000,2.212,2.2225,2.19,2.2129,
20091014T000000,2.2299,2.2423,2.2173,2.2359,
20091015T000000,2.2513,2.3206,2.2394,2.3056,
20091016T000000,2.308,2.3306,2.2938,2.327,
20091019T000000,2.3212,2.3496,2.3161,2.3429,
20091020T000000,2.3479,2.3533,2.3242,2.3419,
20091021T000000,2.3334,2.4235,2.3322,2.3926,
20091022T000000,2.3901,2.4014,2.3591,2.3864,
20091023T000000,2.3813,2.3848,2.3487,2.3619,
20091026T000000,2.3859,2.4069,2.3154,2.3318,
20091027T000000,2.3354,2.3577,2.3114,2.3388,
20091028T000000,2.3281,2.3357,2.2815,2.2834,
20091029T000000,2.3139,2.3632,2.3116,2.3461,
20091030T000000,2.3256,2.3334,2.2676,2.2765,
20091102T000000,2.2664,2.3182,2.2652,2.3115,
20091103T000000,2.2809,2.3442,2.2757,2.3348,
20091104T000000,2.3466,2.3653,2.3301,2.3504,
20091105T000000,2.343,2.3569,2.3158,2.3257,
20091106T000000,2.2807,2.3015,2.2419,2.2736,
20091109T000000,2.3064,2.3432,2.3063,2.3229,
20091110T000000,2.3367,2.3562,2.2952,2.3221,
20091111T000000,2.3373,2.3453,2.3029,2.3182,
20091112T000000,2.2921,2.3015,2.2437,2.2477,
20091113T000000,2.231,2.2507,2.2161,2.2307,
20091116T000000,2.2459,2.312,2.2433,2.297,
20091117T000000,2.2961,2.3353,2.2908,2.3252,
20091118T000000,2.3423,2.3566,2.2985,2.3167,
20091119T000000,2.3127,2.3128,2.2509,2.2665,
20091120T000000,2.2329,2.2612,2.2259,2.2485,
20091123T000000,2.2931,2.3098,2.237,2.2478,
20091124T000000,2.2511,2.2513,2.2036,2.2192,
20091125T000000,2.2235,2.275,2.213,2.2614,
20091127T000000,2.1776,2.2479,2.1763,2.2397,
20091130T000000,2.2256,2.3029,2.2226,2.2739,
20091201T000000,2.3176,2.3261,2.2978,2.2993,
20091202T000000,2.3,2.3016,2.2549,2.2633,
20091203T000000,2.2601,2.2923,2.25,2.2693,
20091204T000000,2.3108,2.3163,2.2442,2.2685,
20091207T000000,2.2328,2.2634,2.2325,2.2431,
20091208T000000,2.2308,2.2384,2.2095,2.2205,
20091209T000000,2.2148,2.2219,2.1353,2.1433,
20091210T000000,2.1407,2.1489,2.1164,2.1298,
20091211T000000,2.1338,2.1428,2.1183,2.1359,
20091214T000000,2.148,2.1554,2.1338,2.1353,
20091215T000000,2.1482,2.1605,2.1302,2.1363,
20091216T000000,2.1568,2.2034,2.1564,2.2013,
20091217T000000,2.1868,2.1921,2.1564,2.1791,
20091218T000000,2.2134,2.2219,2.1748,2.181,
20091221T000000,2.2049,2.2153,2.164,2.1689,
20091222T000000,2.1673,2.198,2.1455,2.175,
20091223T000000,2.2077,2.2572,2.2064,2.2421,
20091224T000000,2.2435,2.271,2.2435,2.2645,
20091228T000000,2.3044,2.3106,2.2955,2.3075,
20091229T000000,2.3397,2.3398,2.3079,2.327,
20091230T000000,2.3397,2.3456,2.3235,2.3285,
20091231T000000,2.3442,2.351,2.3235,2.3302,
20100104T000000,2.3848,2.4062,2.3802,2.4038,
20100105T000000,2.4093,2.41,2.3778,2.4007,
20100106T000000,2.3914,2.422,2.3734,2.4125,
20100107T000000,2.4064,2.414,2.39,2.3928,
20100108T000000,2.3846,2.4181,2.3772,2.4169,
20100111T000000,2.4195,2.4247,2.3807,2.3853,
20100112T000000,2.3602,2.3689,2.329,2.34,
20100113T000000,2.3162,2.3214,2.27,2.3074,
20100114T000000,2.2991,2.304,2.2749,2.287,
20100115T000000,2.2806,2.2829,2.2469,2.2578,
20100119T000000,2.224,2.2596,2.2209,2.256,
20100120T000000,2.2282,2.2367,2.2094,2.2233,
20100121T000000,2.234,2.243,2.186,2.1949,
20100122T000000,2.1819,2.1825,2.1398,2.1435,
20100125T000000,2.1536,2.1755,2.1491,2.1667,
20100126T000000,2.1479,2.1708,2.1447,2.1561,
20100127T000000,2.1591,2.165,2.1012,2.1251,
20100128T000000,2.1303,2.133,2.107,2.127,
20100129T000000,2.1374,2.1423,2.0971,2.1115,
20100201T000000,2.1287,2.1663,2.1165,2.1645,
20100202T000000,2.1675,2.2337,2.1642,2.2323,
20100203T000000,2.233,2.2449,2.2039,2.2155,
20100204T000000,2.1873,2.1873,2.1134,2.126,
20100205T000000,2.125,2.1303,2.0237,2.089,
20100208T000000,2.0792,2.0936,2.0615,2.0787,
20100209T000000,2.1036,2.1464,2.0919,2.1385,
20100210T000000,2.1312,2.1577,2.1041,2.144,
20100211T000000,2.153,2.1732,2.1206,2.1574,
20100212T000000,2.1256,2.1273,2.096,2.1207,
20100216T000000,2.1615,2.2038,2.159,2.1928,
20100217T000000,2.193,2.2085,2.1835,2.2068,
20100218T000000,2.223,2.2532,2.2062,2.2532,
20100219T000000,2.2441,2.2708,2.2312,2.2696,
20100222T000000,2.2771,2.2797,2.2631,2.2702,
20100223T000000,2.2469,2.2504,2.2158,2.2265,
20100224T000000,2.2292,2.2473,2.2119,2.2463,
20100225T000000,2.1842,2.1943,2.1617,2.1896,
20100226T000000,2.195,2.2338,2.1926,2.2253,
20100301T000000,2.2451,2.2509,2.1912,2.213,
20100302T000000,2.2237,2.2713,2.2226,2.2417,
20100303T000000,2.2635,2.2833,2.241,2.281,
20100304T000000,2.2622,2.273,2.2458,2.2614,
20100305T000000,2.2717,2.2932,2.2702,2.2893,
20100308T000000,2.3001,2.3017,2.2703,2.2887,
20100309T000000,2.2674,2.292,2.2663,2.2738,
20100310T000000,2.276,2.32,2.2639,2.3013,
20100311T000000,2.3013,2.3113,2.2928,2.3069,
20100312T000000,2.3108,2.3144,2.2604,2.2817,
20100315T000000,2.2664,2.2664,2.2288,2.2462,
20100316T000000,2.2743,2.3072,2.2699,2.3033,
20100317T000000,2.3209,2.3293,2.3005,2.3198,
20100318T000000,2.308,2.3142,2.2922,2.2968,
20100319T000000,2.2945,2.2987,2.2355,2.2648,
20100322T000000,2.2184,2.2753,2.2151,2.2722,
20100323T000000,2.2637,2.2895,2.2568,2.2865,
20100324T000000,2.2513,2.269,2.2443,2.2515,
20100325T000000,2.2679,2.2739,2.2464,2.2497,
20100326T000000,2.2616,2.2622,2.2338,2.2604,
20100329T000000,2.2889,2.3261,2.2874,2.3045,
20100330T000000,2.3022,2.3109,2.2879,2.305,
20100331T000000,2.3335,2.3548,2.3052,2.339,
20100401T000000,2.377,2.3974,2.3744,2.3959,
20100405T000000,2.4195,2.4486,2.4133,2.4421,
20100406T000000,2.4428,2.4551,2.4304,2.44,
20100407T000000,2.4375,2.4419,2.409,2.4117,
20100408T000000,2.391,2.4137,2.3801,2.4057,
20100409T000000,2.4163,2.4209,2.3801,2.3984,
20100412T000000,2.4008,2.4169,2.3878,2.3899,
20100413T000000,2.3965,2.4004,2.3602,2.3849,
20100414T000000,2.3979,2.4323,2.3831,2.4171,
20100415T000000,2.431,2.4349,2.4105,2.426,
20100416T000000,2.4033,2.4125,2.363,2.3857,
20100419T000000,2.324,2.3429,2.3172,2.3408,
20100420T000000,2.3423,2.3649,2.3407,2.3534,
20100421T000000,2.3748,2.3919,2.3459,2.3808,
20100422T000000,2.367,2.3987,2.347,2.384,
20100423T000000,2.3824,2.4262,2.3777,2.4244,
20100426T000000,2.4204,2.4264,2.4029,2.405,
20100427T000000,2.4098,2.4308,2.3899,2.391,
20100428T000000,2.402,2.406,2.3679,2.4014,
20100429T000000,2.4295,2.4449,2.422,2.4322,
20100430T000000,2.4527,2.4713,2.4338,2.4613,
20100503T000000,2.479,2.5053,2.479,2.4888,
20100504T000000,2.4687,2.4687,2.4047,2.4061,
20100505T000000,2.3215,2.362,2.3196,2.3286,
20100506T000000,2.3069,2.3238,2.2052,2.2584,
20100507T000000,2.2449,2.2617,2.2073,2.2384,
20100510T000000,2.2878,2.3004,2.2519,2.2779,
20100511T000000,2.2756,2.3029,2.2716,2.2774,
20100512T000000,2.3034,2.3198,2.2788,2.3107,
20100513T000000,2.2972,2.3106,2.2748,2.2748,
20100514T000000,2.2626,2.266,2.2007,2.2169,
20100517T000000,2.1967,2.1998,2.1295,2.145,
20100518T000000,2.1621,2.1637,2.096,2.1101,
20100519T000000,2.1003,2.1155,2.0703,2.0982,
20100520T000000,2.0334,2.0556,2.0079,2.0373,
20100521T000000,2.0251,2.0711,2.02,2.0452,
20100524T000000,2.0527,2.0594,2.0377,2.0476,
20100525T000000,1.9825,2.0282,1.9796,2.0263,
20100526T000000,2.0377,2.0726,2.0364,2.0546,
20100527T000000,2.1032,2.1456,2.0956,2.1396,
20100528T000000,2.1503,2.1645,2.1153,2.1391,
20100601T000000,2.1236,2.1698,2.0946,2.0983,
20100602T000000,2.1168,2.1537,2.1112,2.1442,
20100603T000000,2.1447,2.1734,2.1348,2.1631,
20100604T000000,2.1418,2.1467,2.0747,2.0844,
20100607T000000,2.1011,2.1175,2.0776,2.0873,
20100608T000000,2.0938,2.1125,2.0826,2.0949,
20100609T000000,2.1296,2.1526,2.1231,2.131,
20100610T000000,2.1697,2.184,2.1496,2.1747,
20100611T000000,2.1407,2.1679,2.1235,2.1478,
20100614T000000,2.1748,2.1915,2.1366,2.1521,
20100615T000000,2.1721,2.2085,2.1661,2.1988,
20100616T000000,2.2062,2.2506,2.1953,2.2422,
20100617T000000,2.2784,2.2816,2.2588,2.2754,
20100618T000000,2.2546,2.2791,2.2486,2.265,
20100621T000000,2.2942,2.3022,2.2561,2.2692,
20100622T000000,2.266,2.276,2.2406,2.2429,
20100623T000000,2.2182,2.2188,2.1833,2.1874,
20100624T000000,2.1926,2.1953,2.1704,2.1918,
20100625T000000,2.2141,2.25,2.1994,2.2484,
20100628T000000,2.2301,2.2378,2.2188,2.2304,
20100629T000000,2.1706,2.173,2.1463,2.1546,
20100630T000000,2.1552,2.1682,2.1067,2.1304,
20100701T000000,2.0936,2.0962,2.0373,2.0539,
20100702T000000,2.0601,2.0627,2.02,2.0358,
20100706T000000,2.0658,2.0844,2.0283,2.0445,
20100707T000000,2.0694,2.1046,2.069,2.1009,
20100708T000000,2.1281,2.149,2.102,2.1342,
20100709T000000,2.132,2.1593,2.1238,2.1487,
20100712T000000,2.1293,2.1414,2.1004,2.1046,
20100713T000000,2.152,2.1752,2.1504,2.1665,
20100714T000000,2.1512,2.1795,2.1433,2.1469,
20100715T000000,2.1524,2.1527,2.1077,2.1382,
20100716T000000,2.1378,2.1378,2.1094,2.1273,
20100719T000000,2.1484,2.1798,2.119,2.1306,
20100720T000000,2.114,2.1526,2.1106,2.1444,
20100721T000000,2.1592,2.1606,2.1005,2.1051,
20100722T000000,2.1418,2.1822,2.1403,2.175,
20100723T000000,2.1648,2.1779,2.1541,2.1705,
20100726T000000,2.1659,2.1757,2.1574,2.162,
20100727T000000,2.1727,2.1732,2.1045,2.1186,
20100728T000000,2.1121,2.1224,2.0936,2.1119,
20100729T000000,2.1275,2.1739,2.1275,2.1558,
20100730T000000,2.1274,2.1801,2.1222,2.1761,
20100802T000000,2.2315,2.2591,2.2273,2.2499,
20100803T000000,2.2678,2.2926,2.2562,2.2883,
20100804T000000,2.2854,2.2979,2.2691,2.2914,
20100805T000000,2.2732,2.2829,2.2708,2.2806,
20100806T000000,2.2476,2.2761,2.2219,2.2438,
20100809T000000,2.251,2.2566,2.2341,2.2468,
20100810T000000,2.2056,2.2247,2.186,2.2146,
20100811T000000,2.1899,2.1899,2.1481,2.149,
20100812T000000,2.1147,2.1308,2.0866,2.0899,
20100813T000000,2.0909,2.0989,2.0766,2.0915,
20100816T000000,2.0788,2.0866,2.0712,2.0784,
20100817T000000,2.1065,2.128,2.1004,2.1149,
20100818T000000,2.0939,2.1218,2.0761,2.1102,
20100819T000000,2.1109,2.1123,2.0788,2.0937,
20100820T000000,2.0752,2.0778,2.0556,2.0657,
20100823T000000,2.0635,2.0766,2.0386,2.043,
20100824T000000,2.0253,2.0344,2.0149,2.0175,
20100825T000000,2.0225,2.0588,2.0082,2.0586,
20100826T000000,2.0823,2.1054,2.077,2.0859,
20100827T000000,2.0953,2.1305,2.0657,2.1298,
20100830T000000,2.108,2.1171,2.0963,2.0978,
20100831T000000,2.1024,2.1167,2.0509,2.0573,
20100901T000000,2.0961,2.1243,2.095,2.1073,
20100902T000000,2.0889,2.1309,2.0827,2.1229,
20100903T000000,2.1288,2.1382,2.0801,2.1179,
20100907T000000,2.1246,2.1654,2.0961,2.1311,
20100908T000000,2.1423,2.1673,2.1371,2.1458,
20100909T000000,2.1599,2.173,2.1244,2.1289,
20100910T000000,2.1419,2.1767,2.137,2.1694,
20100913T000000,2.1987,2.2112,2.1834,2.1878,
20100914T000000,2.1913,2.2189,2.1856,2.192,
20100915T000000,2.1879,2.2048,2.1818,2.1935,
20100916T000000,2.1897,2.1975,2.1504,2.1594,
20100917T000000,2.1772,2.1821,2.1365,2.1648,
20100920T000000,2.1718,2.2218,2.17,2.2066,
20100921T000000,2.2189,2.2198,2.1783,2.1831,
20100922T000000,2.1901,2.1948,2.1572,2.1749,
20100923T000000,2.155,2.1974,2.153,2.1779,
20100924T000000,2.1829,2.2112,2.1797,2.2018,
20100927T000000,2.1974,2.1981,2.1625,2.1859,
20100928T000000,2.1933,2.2149,2.1789,2.1919,
20100929T000000,2.1971,2.2681,2.1891,2.2649,
20100930T000000,2.2903,2.3216,2.2799,2.3146,
20101001T000000,2.3336,2.3474,2.3194,2.3457,
20101004T000000,2.3543,2.3642,2.3329,2.3388,
20101005T000000,2.3464,2.3582,2.3374,2.3498,
20101006T000000,2.3504,2.385,2.3453,2.36,
20101007T000000,2.3749,2.3749,2.2913,2.3012,
20101008T000000,2.3071,2.3409,2.3017,2.3402,
20101011T000000,2.3198,2.3383,2.3159,2.3242,
20101012T000000,2.3292,2.3301,2.2973,2.3124,
20101013T000000,2.3419,2.3615,2.3356,2.3483,
20101014T000000,2.3447,2.3679,2.3232,2.3368,
20101015T000000,2.3255,2.3303,2.2686,2.2876,
20101018T000000,2.2993,2.3324,2.2935,2.3257,
20101019T000000,2.2711,2.285,2.2379,2.243,
20101020T000000,2.2454,2.3041,2.245,2.3019,
20101021T000000,2.2949,2.3099,2.2554,2.2686,
20101022T000000,2.2828,2.3102,2.2704,2.3096,
20101025T000000,2.3231,2.3313,2.2809,2.3042,
20101026T000000,2.2944,2.3086,2.2883,2.2989,
20101027T000000,2.2762,2.2904,2.2492,2.2854,
20101028T000000,2.3016,2.3018,2.274,2.2862,
20101029T000000,2.2783,2.2841,2.2487,2.2683,
20101101T000000,2.3292,2.3297,2.3003,2.3051,
20101102T000000,2.3314,2.3354,2.3173,2.324,
20101103T000000,2.3418,2.3694,2.3277,2.3637,
20101104T000000,2.4016,2.4099,2.3895,2.4072,
20101105T000000,2.4054,2.4195,2.392,2.419,
20101108T000000,2.4134,2.4304,2.3994,2.4271,
20101109T000000,2.4405,2.4496,2.4086,2.4195,
20101110T000000,2.4509,2.4839,2.4364,2.4779,
20101111T000000,2.4678,2.4711,2.4545,2.4571,
20101112T000000,2.4255,2.4364,2.3799,2.3894,
20101115T000000,2.4191,2.4221,2.3947,2.3984,
20101116T000000,2.3654,2.3683,2.3369,2.3369,
20101117T000000,2.3211,2.3362,2.2687,2.2828,
20101118T000000,2.3226,2.3352,2.3111,2.3324,
20101119T000000,2.3116,2.3138,2.2881,2.3043,
20101122T000000,2.2942,2.2998,2.2735,2.2964,
20101123T000000,2.272,2.3003,2.2633,2.2858,
20101124T000000,2.2976,2.3597,2.293,2.3595,
20101126T000000,2.3396,2.3547,2.3381,2.3479,
20101129T000000,2.3667,2.3998,2.3484,2.3918,
20101130T000000,2.3629,2.3845,2.3277,2.3303,
20101201T000000,2.3778,2.4229,2.3756,2.4183,
20101202T000000,2.4234,2.4736,2.4212,2.4599,
20101203T000000,2.4691,2.5111,2.4628,2.5078,
20101206T000000,2.5029,2.5077,2.4803,2.484,
20101207T000000,2.5126,2.5132,2.473,2.4749,
20101208T000000,2.4813,2.492,2.4439,2.4805,
20101209T000000,2.4806,2.5015,2.4626,2.4881,
20101210T000000,2.4824,2.4854,2.4507,2.4699,
20101213T000000,2.5015,2.5065,2.4608,2.4705,
20101214T000000,2.472,2.4929,2.4634,2.4781,
20101215T000000,2.4601,2.5074,2.4601,2.4954,
20101216T000000,2.4979,2.5055,2.4865,2.4895,
20101217T000000,2.4915,2.5149,2.4779,2.487,
20101220T000000,2.4885,2.5126,2.4637,2.4949,
20101221T000000,2.5029,2.5317,2.4974,2.5264,
20101222T000000,2.5371,2.5487,2.5332,2.5402,
20101223T000000,2.5393,2.5586,2.5373,2.5545,
20101227T000000,2.5358,2.5398,2.5167,2.521,
20101228T000000,2.5309,2.5378,2.5241,2.5293,
20101229T000000,2.5362,2.542,2.5277,2.5326,
20101230T000000,2.5142,2.5177,2.4821,2.4858,
20101231T000000,2.4781,2.5669,2.4777,2.5482,
